-- Teakwave Database Backup
-- Database: digitaria_dashboard
-- Generated: 2026-07-18 17:06:04
-- Restore only through the Teakwave admin backup page.

SET NAMES utf8mb4;
SET SQL_MODE = 'NO_AUTO_VALUE_ON_ZERO';
SET FOREIGN_KEY_CHECKS = 0;

-- --------------------------------------------------------
-- Table structure for `activity_logs`
DROP TABLE IF EXISTS `activity_logs`;
CREATE TABLE `activity_logs` (
  `id` int NOT NULL AUTO_INCREMENT,
  `user_id` int DEFAULT NULL,
  `action` varchar(120) CHARACTER SET utf8mb4 COLLATE utf8mb4_general_ci NOT NULL,
  `module` varchar(120) CHARACTER SET utf8mb4 COLLATE utf8mb4_general_ci NOT NULL,
  `description` text CHARACTER SET utf8mb4 COLLATE utf8mb4_general_ci,
  `ip_address` varchar(80) CHARACTER SET utf8mb4 COLLATE utf8mb4_general_ci DEFAULT NULL,
  `user_agent` text CHARACTER SET utf8mb4 COLLATE utf8mb4_general_ci,
  `created_at` timestamp NOT NULL DEFAULT CURRENT_TIMESTAMP,
  PRIMARY KEY (`id`),
  KEY `user_id` (`user_id`),
  CONSTRAINT `activity_logs_ibfk_1` FOREIGN KEY (`user_id`) REFERENCES `users` (`id`) ON DELETE SET NULL
) ENGINE=InnoDB AUTO_INCREMENT=361 DEFAULT CHARSET=utf8mb4 COLLATE=utf8mb4_general_ci;

INSERT INTO `activity_logs` (`id`, `user_id`, `action`, `module`, `description`, `ip_address`, `user_agent`) VALUES
('1', '1', 'create', 'roles', 'Menambahkan user level: Mandor', '::1', 'Mozilla/5.0 (Windows NT 10.0; Win64; x64) AppleWebKit/537.36 (KHTML, like Gecko) Chrome/148.0.0.0 Safari/537.36'),
('2', '1', 'delete', 'products', 'Menghapus produk ID: 1', '::1', 'Mozilla/5.0 (Windows NT 10.0; Win64; x64) AppleWebKit/537.36 (KHTML, like Gecko) Chrome/148.0.0.0 Safari/537.36'),
('3', '1', 'create', 'contents', 'Menambahkan content: asoy', '::1', 'Mozilla/5.0 (Windows NT 10.0; Win64; x64) AppleWebKit/537.36 (KHTML, like Gecko) Chrome/148.0.0.0 Safari/537.36'),
('4', '1', 'update', 'website-settings', 'Mengubah konfigurasi website front.', '::1', 'Mozilla/5.0 (Windows NT 10.0; Win64; x64) AppleWebKit/537.36 (KHTML, like Gecko) Chrome/148.0.0.0 Safari/537.36'),
('5', '1', 'update', 'products', 'Mengubah produk: Meta Ads Setup 099', '::1', 'Mozilla/5.0 (Windows NT 10.0; Win64; x64) AppleWebKit/537.36 (KHTML, like Gecko) Chrome/148.0.0.0 Safari/537.36'),
('6', '1', 'update', 'products', 'Mengubah produk: Meta Ads Setup 099', '::1', 'Mozilla/5.0 (Windows NT 10.0; Win64; x64) AppleWebKit/537.36 (KHTML, like Gecko) Chrome/148.0.0.0 Safari/537.36'),
('7', '1', 'update', 'products', 'Mengubah produk: SEO Basic Package 098', '::1', 'Mozilla/5.0 (Windows NT 10.0; Win64; x64) AppleWebKit/537.36 (KHTML, like Gecko) Chrome/148.0.0.0 Safari/537.36'),
('8', '1', 'create', 'products', 'Menambahkan produk: aremaa', '::1', 'Mozilla/5.0 (Windows NT 10.0; Win64; x64) AppleWebKit/537.36 (KHTML, like Gecko) Chrome/148.0.0.0 Safari/537.36'),
('9', '1', 'update', 'contents', 'Mengubah content: Sample Content 19', '::1', 'Mozilla/5.0 (Windows NT 10.0; Win64; x64) AppleWebKit/537.36 (KHTML, like Gecko) Chrome/148.0.0.0 Safari/537.36'),
('10', '1', 'update', 'contents', 'Mengubah content: Sample Content 19', '::1', 'Mozilla/5.0 (Windows NT 10.0; Win64; x64) AppleWebKit/537.36 (KHTML, like Gecko) Chrome/148.0.0.0 Safari/537.36'),
('11', '1', 'delete_image', 'contents', 'Menghapus gambar content ID: 1', '::1', 'Mozilla/5.0 (Windows NT 10.0; Win64; x64) AppleWebKit/537.36 (KHTML, like Gecko) Chrome/148.0.0.0 Safari/537.36'),
('12', '1', 'update', 'contents', 'Mengubah content: Sample Content 19', '::1', 'Mozilla/5.0 (Windows NT 10.0; Win64; x64) AppleWebKit/537.36 (KHTML, like Gecko) Chrome/148.0.0.0 Safari/537.36'),
('13', '1', 'update', 'products', 'Mengubah produk: Digital Campaign 093', '::1', 'Mozilla/5.0 (Windows NT 10.0; Win64; x64) AppleWebKit/537.36 (KHTML, like Gecko) Chrome/148.0.0.0 Safari/537.36'),
('14', '1', 'save', 'brands', 'Menyimpan data brands.', '::1', 'Mozilla/5.0 (Windows NT 10.0; Win64; x64) AppleWebKit/537.36 (KHTML, like Gecko) Chrome/148.0.0.0 Safari/537.36'),
('15', '1', 'save', 'brands', 'Menyimpan data brands.', '::1', 'Mozilla/5.0 (Windows NT 10.0; Win64; x64) AppleWebKit/537.36 (KHTML, like Gecko) Chrome/148.0.0.0 Safari/537.36'),
('16', '1', 'create', 'users', 'Menambahkan user: jayus@digitaria.id', '::1', 'Mozilla/5.0 (Windows NT 10.0; Win64; x64) AppleWebKit/537.36 (KHTML, like Gecko) Chrome/148.0.0.0 Safari/537.36'),
('17', '1', 'logout', 'auth', 'User logout.', '::1', 'Mozilla/5.0 (Windows NT 10.0; Win64; x64) AppleWebKit/537.36 (KHTML, like Gecko) Chrome/148.0.0.0 Safari/537.36'),
('18', '1', 'login', 'auth', 'User login berhasil.', '::1', 'Mozilla/5.0 (Windows NT 10.0; Win64; x64) AppleWebKit/537.36 (KHTML, like Gecko) Chrome/148.0.0.0 Safari/537.36'),
('19', '1', 'logout', 'auth', 'User logout.', '::1', 'Mozilla/5.0 (Windows NT 10.0; Win64; x64) AppleWebKit/537.36 (KHTML, like Gecko) Chrome/148.0.0.0 Safari/537.36'),
('20', '1', 'login', 'auth', 'User login berhasil.', '::1', 'Mozilla/5.0 (Windows NT 10.0; Win64; x64) AppleWebKit/537.36 (KHTML, like Gecko) Chrome/148.0.0.0 Safari/537.36'),
('21', '1', 'reset_password', 'users', 'Super Admin reset password user: jayus@digitaria.id', '::1', 'Mozilla/5.0 (Windows NT 10.0; Win64; x64) AppleWebKit/537.36 (KHTML, like Gecko) Chrome/148.0.0.0 Safari/537.36'),
('22', '1', 'logout', 'auth', 'User logout.', '::1', 'Mozilla/5.0 (Windows NT 10.0; Win64; x64) AppleWebKit/537.36 (KHTML, like Gecko) Chrome/148.0.0.0 Safari/537.36'),
('23', '1', 'login', 'auth', 'User login berhasil.', '::1', 'Mozilla/5.0 (Windows NT 10.0; Win64; x64) AppleWebKit/537.36 (KHTML, like Gecko) Chrome/148.0.0.0 Safari/537.36'),
('24', '1', 'logout', 'auth', 'User logout.', '::1', 'Mozilla/5.0 (Windows NT 10.0; Win64; x64) AppleWebKit/537.36 (KHTML, like Gecko) Chrome/148.0.0.0 Safari/537.36'),
('25', '1', 'login', 'auth', 'User login berhasil.', '::1', 'Mozilla/5.0 (Windows NT 10.0; Win64; x64) AppleWebKit/537.36 (KHTML, like Gecko) Chrome/148.0.0.0 Safari/537.36'),
('26', '1', 'logout', 'auth', 'User logout.', '::1', 'Mozilla/5.0 (Windows NT 10.0; Win64; x64) AppleWebKit/537.36 (KHTML, like Gecko) Chrome/148.0.0.0 Safari/537.36'),
('27', '4', 'login', 'auth', 'User login berhasil.', '::1', 'Mozilla/5.0 (Windows NT 10.0; Win64; x64) AppleWebKit/537.36 (KHTML, like Gecko) Chrome/148.0.0.0 Safari/537.36'),
('28', '4', 'logout', 'auth', 'User logout.', '::1', 'Mozilla/5.0 (Windows NT 10.0; Win64; x64) AppleWebKit/537.36 (KHTML, like Gecko) Chrome/148.0.0.0 Safari/537.36'),
('29', '1', 'login', 'auth', 'User login berhasil.', '::1', 'Mozilla/5.0 (Windows NT 10.0; Win64; x64) AppleWebKit/537.36 (KHTML, like Gecko) Chrome/148.0.0.0 Safari/537.36'),
('30', '1', 'logout', 'auth', 'User logout.', '::1', 'Mozilla/5.0 (Windows NT 10.0; Win64; x64) AppleWebKit/537.36 (KHTML, like Gecko) Chrome/148.0.0.0 Safari/537.36'),
('31', '1', 'login', 'auth', 'User login berhasil.', '::1', 'Mozilla/5.0 (Windows NT 10.0; Win64; x64) AppleWebKit/537.36 (KHTML, like Gecko) Chrome/148.0.0.0 Safari/537.36'),
('32', '1', 'delete', 'products', 'Menghapus produk ID: 104', '::1', 'Mozilla/5.0 (Windows NT 10.0; Win64; x64) AppleWebKit/537.36 (KHTML, like Gecko) Chrome/148.0.0.0 Safari/537.36'),
('33', '1', 'logout', 'auth', 'User logout.', '::1', 'Mozilla/5.0 (Windows NT 10.0; Win64; x64) AppleWebKit/537.36 (KHTML, like Gecko) Chrome/148.0.0.0 Safari/537.36'),
('34', '1', 'login', 'auth', 'User login berhasil.', '::1', 'Mozilla/5.0 (Windows NT 10.0; Win64; x64) AppleWebKit/537.36 (KHTML, like Gecko) Chrome/148.0.0.0 Safari/537.36'),
('35', '1', 'login', 'auth', 'User login berhasil.', '::1', 'Mozilla/5.0 (Windows NT 10.0; Win64; x64) AppleWebKit/537.36 (KHTML, like Gecko) Chrome/147.0.0.0 Safari/537.36 OPR/131.0.0.0'),
('36', '1', 'update', 'products', 'Mengubah produk: SEO Basic Package 098', '::1', 'Mozilla/5.0 (Windows NT 10.0; Win64; x64) AppleWebKit/537.36 (KHTML, like Gecko) Chrome/147.0.0.0 Safari/537.36 OPR/131.0.0.0'),
('37', '1', 'delete_image', 'products', 'Menghapus gambar produk ID: 11', '::1', 'Mozilla/5.0 (Windows NT 10.0; Win64; x64) AppleWebKit/537.36 (KHTML, like Gecko) Chrome/147.0.0.0 Safari/537.36 OPR/131.0.0.0'),
('38', '1', 'delete_image', 'products', 'Menghapus gambar produk ID: 9', '::1', 'Mozilla/5.0 (Windows NT 10.0; Win64; x64) AppleWebKit/537.36 (KHTML, like Gecko) Chrome/147.0.0.0 Safari/537.36 OPR/131.0.0.0'),
('39', '1', 'delete_image', 'products', 'Menghapus gambar produk ID: 10', '::1', 'Mozilla/5.0 (Windows NT 10.0; Win64; x64) AppleWebKit/537.36 (KHTML, like Gecko) Chrome/147.0.0.0 Safari/537.36 OPR/131.0.0.0'),
('40', '1', 'update', 'products', 'Mengubah produk: Digital Campaign 093', '::1', 'Mozilla/5.0 (Windows NT 10.0; Win64; x64) AppleWebKit/537.36 (KHTML, like Gecko) Chrome/147.0.0.0 Safari/537.36 OPR/131.0.0.0'),
('41', '1', 'delete_image', 'products', 'Menghapus gambar produk ID: 12', '::1', 'Mozilla/5.0 (Windows NT 10.0; Win64; x64) AppleWebKit/537.36 (KHTML, like Gecko) Chrome/147.0.0.0 Safari/537.36 OPR/131.0.0.0'),
('42', '1', 'update', 'products', 'Mengubah produk: Digital Campaign 093', '::1', 'Mozilla/5.0 (Windows NT 10.0; Win64; x64) AppleWebKit/537.36 (KHTML, like Gecko) Chrome/147.0.0.0 Safari/537.36 OPR/131.0.0.0'),
('43', '1', 'delete_image', 'products', 'Menghapus gambar produk ID: 13', '::1', 'Mozilla/5.0 (Windows NT 10.0; Win64; x64) AppleWebKit/537.36 (KHTML, like Gecko) Chrome/147.0.0.0 Safari/537.36 OPR/131.0.0.0'),
('44', '1', 'update', 'website-settings', 'Mengubah konfigurasi website front.', '::1', 'Mozilla/5.0 (Windows NT 10.0; Win64; x64) AppleWebKit/537.36 (KHTML, like Gecko) Chrome/147.0.0.0 Safari/537.36 OPR/131.0.0.0'),
('45', '1', 'delete', 'banners', 'Menghapus data ID: 1', '::1', 'Mozilla/5.0 (Windows NT 10.0; Win64; x64) AppleWebKit/537.36 (KHTML, like Gecko) Chrome/147.0.0.0 Safari/537.36 OPR/131.0.0.0'),
('46', '1', 'update', 'products', 'Mengubah produk: Google Ads Setup 100', '::1', 'Mozilla/5.0 (Windows NT 10.0; Win64; x64) AppleWebKit/537.36 (KHTML, like Gecko) Chrome/147.0.0.0 Safari/537.36 OPR/131.0.0.0'),
('47', '1', 'login', 'auth', 'User login berhasil.', '::1', 'Mozilla/5.0 (Windows NT 10.0; Win64; x64) AppleWebKit/537.36 (KHTML, like Gecko) Chrome/148.0.0.0 Safari/537.36'),
('48', '1', 'logout', 'auth', 'User logout.', '::1', 'Mozilla/5.0 (Windows NT 10.0; Win64; x64) AppleWebKit/537.36 (KHTML, like Gecko) Chrome/148.0.0.0 Safari/537.36'),
('49', '1', 'login', 'auth', 'User login berhasil.', '::1', 'Mozilla/5.0 (Windows NT 10.0; Win64; x64) AppleWebKit/537.36 (KHTML, like Gecko) Chrome/148.0.0.0 Safari/537.36'),
('50', '1', 'logout', 'auth', 'User logout.', '::1', 'Mozilla/5.0 (Windows NT 10.0; Win64; x64) AppleWebKit/537.36 (KHTML, like Gecko) Chrome/148.0.0.0 Safari/537.36'),
('51', '1', 'login', 'auth', 'User login berhasil.', '::1', 'Mozilla/5.0 (Windows NT 10.0; Win64; x64) AppleWebKit/537.36 (KHTML, like Gecko) Chrome/148.0.0.0 Safari/537.36'),
('52', '1', 'logout', 'auth', 'User logout.', '::1', 'Mozilla/5.0 (Windows NT 10.0; Win64; x64) AppleWebKit/537.36 (KHTML, like Gecko) Chrome/148.0.0.0 Safari/537.36'),
('53', '1', 'login', 'auth', 'User login berhasil.', '::1', 'Mozilla/5.0 (Windows NT 10.0; Win64; x64) AppleWebKit/537.36 (KHTML, like Gecko) Chrome/148.0.0.0 Safari/537.36'),
('54', '1', 'update', 'contents', 'Mengubah content: Index - Hero Statistik', '::1', 'Mozilla/5.0 (Windows NT 10.0; Win64; x64) AppleWebKit/537.36 (KHTML, like Gecko) Chrome/148.0.0.0 Safari/537.36'),
('55', '1', 'create', 'banners', 'Menambahkan banner: asoy', '::1', 'Mozilla/5.0 (Windows NT 10.0; Win64; x64) AppleWebKit/537.36 (KHTML, like Gecko) Chrome/148.0.0.0 Safari/537.36'),
('56', '1', 'delete', 'banners', 'Menghapus banner ID: 7', '::1', 'Mozilla/5.0 (Windows NT 10.0; Win64; x64) AppleWebKit/537.36 (KHTML, like Gecko) Chrome/148.0.0.0 Safari/537.36'),
('57', '1', 'update', 'contents', 'Mengubah content: Index - Testimonials', '::1', 'Mozilla/5.0 (Windows NT 10.0; Win64; x64) AppleWebKit/537.36 (KHTML, like Gecko) Chrome/148.0.0.0 Safari/537.36'),
('58', '1', 'update', 'contents', 'Mengubah content: Index - Testimonials', '::1', 'Mozilla/5.0 (Windows NT 10.0; Win64; x64) AppleWebKit/537.36 (KHTML, like Gecko) Chrome/148.0.0.0 Safari/537.36'),
('59', '1', 'update', 'contents', 'Mengubah content: Index - Hero Statistik', '::1', 'Mozilla/5.0 (Windows NT 10.0; Win64; x64) AppleWebKit/537.36 (KHTML, like Gecko) Chrome/148.0.0.0 Safari/537.36'),
('60', '1', 'update', 'contents', 'Mengubah content: Index - Hero Statistik', '::1', 'Mozilla/5.0 (Windows NT 10.0; Win64; x64) AppleWebKit/537.36 (KHTML, like Gecko) Chrome/148.0.0.0 Safari/537.36'),
('61', '1', 'update', 'contents', 'Mengubah content: Footer - Contact', '::1', 'Mozilla/5.0 (Windows NT 10.0; Win64; x64) AppleWebKit/537.36 (KHTML, like Gecko) Chrome/148.0.0.0 Safari/537.36'),
('62', '1', 'update', 'contents', 'Mengubah content: Footer - Contact', '::1', 'Mozilla/5.0 (Windows NT 10.0; Win64; x64) AppleWebKit/537.36 (KHTML, like Gecko) Chrome/148.0.0.0 Safari/537.36'),
('63', '1', 'update', 'contents', 'Mengubah content: Footer - Contact', '::1', 'Mozilla/5.0 (Windows NT 10.0; Win64; x64) AppleWebKit/537.36 (KHTML, like Gecko) Chrome/148.0.0.0 Safari/537.36'),
('64', '1', 'update', 'contents', 'Mengubah content: Footer - Contact', '::1', 'Mozilla/5.0 (Windows NT 10.0; Win64; x64) AppleWebKit/537.36 (KHTML, like Gecko) Chrome/148.0.0.0 Safari/537.36'),
('65', '1', 'update', 'contents', 'Mengubah content: Footer - Contact', '::1', 'Mozilla/5.0 (Windows NT 10.0; Win64; x64) AppleWebKit/537.36 (KHTML, like Gecko) Chrome/148.0.0.0 Safari/537.36'),
('66', '1', 'update', 'contents', 'Mengubah content: Footer - Contact', '::1', 'Mozilla/5.0 (Windows NT 10.0; Win64; x64) AppleWebKit/537.36 (KHTML, like Gecko) Chrome/148.0.0.0 Safari/537.36'),
('67', '1', 'login', 'auth', 'User login berhasil.', '::1', 'Mozilla/5.0 (Windows NT 10.0; Win64; x64) AppleWebKit/537.36 (KHTML, like Gecko) Chrome/148.0.0.0 Safari/537.36'),
('68', '1', 'login', 'auth', 'User login berhasil.', '::1', 'Mozilla/5.0 (Windows NT 10.0; Win64; x64) AppleWebKit/537.36 (KHTML, like Gecko) Chrome/149.0.0.0 Safari/537.36'),
('69', '1', 'update', 'profile', 'Mengubah profil user.', '::1', 'Mozilla/5.0 (Windows NT 10.0; Win64; x64) AppleWebKit/537.36 (KHTML, like Gecko) Chrome/149.0.0.0 Safari/537.36'),
('70', '1', 'logout', 'auth', 'User logout.', '::1', 'Mozilla/5.0 (Windows NT 10.0; Win64; x64) AppleWebKit/537.36 (KHTML, like Gecko) Chrome/149.0.0.0 Safari/537.36'),
('71', '1', 'login', 'auth', 'User login berhasil.', '::1', 'Mozilla/5.0 (Windows NT 10.0; Win64; x64) AppleWebKit/537.36 (KHTML, like Gecko) Chrome/149.0.0.0 Safari/537.36'),
('72', '1', 'delete_image', 'products', 'Menghapus gambar produk ID: 54', '::1', 'Mozilla/5.0 (Windows NT 10.0; Win64; x64) AppleWebKit/537.36 (KHTML, like Gecko) Chrome/149.0.0.0 Safari/537.36'),
('73', '1', 'update', 'products', 'Mengubah produk: VOL.TECH Access Point Pro', '::1', 'Mozilla/5.0 (Windows NT 10.0; Win64; x64) AppleWebKit/537.36 (KHTML, like Gecko) Chrome/149.0.0.0 Safari/537.36'),
('74', '1', 'delete_image', 'products', 'Menghapus gambar produk ID: 60', '::1', 'Mozilla/5.0 (Windows NT 10.0; Win64; x64) AppleWebKit/537.36 (KHTML, like Gecko) Chrome/149.0.0.0 Safari/537.36'),
('75', '1', 'delete_image', 'products', 'Menghapus gambar produk ID: 59', '::1', 'Mozilla/5.0 (Windows NT 10.0; Win64; x64) AppleWebKit/537.36 (KHTML, like Gecko) Chrome/149.0.0.0 Safari/537.36'),
('76', '1', 'login', 'auth', 'User login berhasil.', '::1', 'Mozilla/5.0 (Windows NT 10.0; Win64; x64) AppleWebKit/537.36 (KHTML, like Gecko) Chrome/149.0.0.0 Safari/537.36'),
('77', '1', 'create', 'products', 'Menambahkan produk: Test product', '::1', 'Mozilla/5.0 (Windows NT 10.0; Win64; x64) AppleWebKit/537.36 (KHTML, like Gecko) Chrome/149.0.0.0 Safari/537.36'),
('78', '1', 'update', 'profile', 'Mengubah profil user.', '::1', 'Mozilla/5.0 (Windows NT 10.0; Win64; x64) AppleWebKit/537.36 (KHTML, like Gecko) Chrome/149.0.0.0 Safari/537.36'),
('79', '1', 'update', 'products', 'Mengubah status best seller produk ID: 55', '::1', 'Mozilla/5.0 (Windows NT 10.0; Win64; x64) AppleWebKit/537.36 (KHTML, like Gecko) Chrome/149.0.0.0 Safari/537.36'),
('80', '1', 'update', 'products', 'Mengubah status best seller produk ID: 55', '::1', 'Mozilla/5.0 (Windows NT 10.0; Win64; x64) AppleWebKit/537.36 (KHTML, like Gecko) Chrome/149.0.0.0 Safari/537.36'),
('81', '1', 'delete_image', 'products', 'Menghapus gambar produk ID: 61', '::1', 'Mozilla/5.0 (Windows NT 10.0; Win64; x64) AppleWebKit/537.36 (KHTML, like Gecko) Chrome/149.0.0.0 Safari/537.36'),
('82', '1', 'update', 'products', 'Mengubah produk: Test product', '::1', 'Mozilla/5.0 (Windows NT 10.0; Win64; x64) AppleWebKit/537.36 (KHTML, like Gecko) Chrome/149.0.0.0 Safari/537.36'),
('83', '1', 'delete_image', 'products', 'Menghapus gambar produk ID: 62', '::1', 'Mozilla/5.0 (Windows NT 10.0; Win64; x64) AppleWebKit/537.36 (KHTML, like Gecko) Chrome/149.0.0.0 Safari/537.36'),
('84', '1', 'upload_gallery_images', 'products', 'Upload gallery image produk: Test product', '::1', 'Mozilla/5.0 (Windows NT 10.0; Win64; x64) AppleWebKit/537.36 (KHTML, like Gecko) Chrome/149.0.0.0 Safari/537.36'),
('85', '1', 'delete_image', 'products', 'Menghapus gambar produk ID: 66', '::1', 'Mozilla/5.0 (Windows NT 10.0; Win64; x64) AppleWebKit/537.36 (KHTML, like Gecko) Chrome/149.0.0.0 Safari/537.36'),
('86', '1', 'login', 'auth', 'User login berhasil.', '202.148.7.34', 'Mozilla/5.0 (Windows NT 10.0; Win64; x64) AppleWebKit/537.36 (KHTML, like Gecko) Chrome/148.0.0.0 Safari/537.36'),
('87', '1', 'login', 'auth', 'User login berhasil.', '157.85.221.108', 'Mozilla/5.0 (Macintosh; Intel Mac OS X 10_15_7) AppleWebKit/537.36 (KHTML, like Gecko) Chrome/149.0.0.0 Safari/537.36'),
('88', '1', 'delete_image', 'products', 'Menghapus gambar produk ID: 64', '157.85.221.108', 'Mozilla/5.0 (Macintosh; Intel Mac OS X 10_15_7) AppleWebKit/537.36 (KHTML, like Gecko) Chrome/149.0.0.0 Safari/537.36'),
('89', '1', 'delete_image', 'products', 'Menghapus gambar produk ID: 65', '157.85.221.108', 'Mozilla/5.0 (Macintosh; Intel Mac OS X 10_15_7) AppleWebKit/537.36 (KHTML, like Gecko) Chrome/149.0.0.0 Safari/537.36'),
('90', '1', 'update', 'products', 'Mengubah produk: Test product', '157.85.221.108', 'Mozilla/5.0 (Macintosh; Intel Mac OS X 10_15_7) AppleWebKit/537.36 (KHTML, like Gecko) Chrome/149.0.0.0 Safari/537.36'),
('91', '1', 'delete_image', 'products', 'Menghapus gambar produk ID: 63', '157.85.221.108', 'Mozilla/5.0 (Macintosh; Intel Mac OS X 10_15_7) AppleWebKit/537.36 (KHTML, like Gecko) Chrome/149.0.0.0 Safari/537.36'),
('92', '1', 'delete', 'products', 'Menghapus produk ID: 56', '157.85.221.108', 'Mozilla/5.0 (Macintosh; Intel Mac OS X 10_15_7) AppleWebKit/537.36 (KHTML, like Gecko) Chrome/149.0.0.0 Safari/537.36'),
('93', '1', 'login', 'auth', 'User login berhasil.', '157.85.221.108', 'Mozilla/5.0 (Macintosh; Intel Mac OS X 10_15_7) AppleWebKit/537.36 (KHTML, like Gecko) Chrome/149.0.0.0 Safari/537.36'),
('94', '1', 'login', 'auth', 'User login berhasil.', '140.213.118.32', 'Mozilla/5.0 (Macintosh; Intel Mac OS X 10_15_7) AppleWebKit/537.36 (KHTML, like Gecko) Chrome/149.0.0.0 Safari/537.36'),
('95', '1', 'delete', 'products', 'Menghapus produk ID: 52', '140.213.118.32', 'Mozilla/5.0 (Macintosh; Intel Mac OS X 10_15_7) AppleWebKit/537.36 (KHTML, like Gecko) Chrome/149.0.0.0 Safari/537.36'),
('96', '1', 'delete', 'products', 'Menghapus produk ID: 53', '140.213.118.32', 'Mozilla/5.0 (Macintosh; Intel Mac OS X 10_15_7) AppleWebKit/537.36 (KHTML, like Gecko) Chrome/149.0.0.0 Safari/537.36'),
('97', '1', 'delete', 'products', 'Menghapus produk ID: 54', '140.213.118.32', 'Mozilla/5.0 (Macintosh; Intel Mac OS X 10_15_7) AppleWebKit/537.36 (KHTML, like Gecko) Chrome/149.0.0.0 Safari/537.36'),
('98', '1', 'delete', 'products', 'Menghapus produk ID: 55', '140.213.118.32', 'Mozilla/5.0 (Macintosh; Intel Mac OS X 10_15_7) AppleWebKit/537.36 (KHTML, like Gecko) Chrome/149.0.0.0 Safari/537.36'),
('99', '1', 'delete', 'products', 'Menghapus produk ID: 50', '140.213.118.32', 'Mozilla/5.0 (Macintosh; Intel Mac OS X 10_15_7) AppleWebKit/537.36 (KHTML, like Gecko) Chrome/149.0.0.0 Safari/537.36'),
('100', '1', 'delete', 'products', 'Menghapus produk ID: 49', '140.213.118.32', 'Mozilla/5.0 (Macintosh; Intel Mac OS X 10_15_7) AppleWebKit/537.36 (KHTML, like Gecko) Chrome/149.0.0.0 Safari/537.36');
INSERT INTO `activity_logs` (`id`, `user_id`, `action`, `module`, `description`, `ip_address`, `user_agent`) VALUES
('101', '1', 'delete', 'products', 'Menghapus produk ID: 48', '140.213.118.32', 'Mozilla/5.0 (Macintosh; Intel Mac OS X 10_15_7) AppleWebKit/537.36 (KHTML, like Gecko) Chrome/149.0.0.0 Safari/537.36'),
('102', '1', 'delete', 'products', 'Menghapus produk ID: 47', '140.213.118.32', 'Mozilla/5.0 (Macintosh; Intel Mac OS X 10_15_7) AppleWebKit/537.36 (KHTML, like Gecko) Chrome/149.0.0.0 Safari/537.36'),
('103', '1', 'delete', 'products', 'Menghapus produk ID: 46', '140.213.118.32', 'Mozilla/5.0 (Macintosh; Intel Mac OS X 10_15_7) AppleWebKit/537.36 (KHTML, like Gecko) Chrome/149.0.0.0 Safari/537.36'),
('104', '1', 'delete', 'products', 'Menghapus produk ID: 45', '140.213.118.32', 'Mozilla/5.0 (Macintosh; Intel Mac OS X 10_15_7) AppleWebKit/537.36 (KHTML, like Gecko) Chrome/149.0.0.0 Safari/537.36'),
('105', '1', 'delete', 'products', 'Menghapus produk ID: 44', '140.213.118.32', 'Mozilla/5.0 (Macintosh; Intel Mac OS X 10_15_7) AppleWebKit/537.36 (KHTML, like Gecko) Chrome/149.0.0.0 Safari/537.36'),
('106', '1', 'delete', 'products', 'Menghapus produk ID: 43', '140.213.118.32', 'Mozilla/5.0 (Macintosh; Intel Mac OS X 10_15_7) AppleWebKit/537.36 (KHTML, like Gecko) Chrome/149.0.0.0 Safari/537.36'),
('107', '1', 'delete', 'products', 'Menghapus produk ID: 42', '140.213.118.32', 'Mozilla/5.0 (Macintosh; Intel Mac OS X 10_15_7) AppleWebKit/537.36 (KHTML, like Gecko) Chrome/149.0.0.0 Safari/537.36'),
('108', '1', 'delete', 'products', 'Menghapus produk ID: 41', '140.213.118.32', 'Mozilla/5.0 (Macintosh; Intel Mac OS X 10_15_7) AppleWebKit/537.36 (KHTML, like Gecko) Chrome/149.0.0.0 Safari/537.36'),
('109', '1', 'delete', 'products', 'Menghapus produk ID: 40', '140.213.118.32', 'Mozilla/5.0 (Macintosh; Intel Mac OS X 10_15_7) AppleWebKit/537.36 (KHTML, like Gecko) Chrome/149.0.0.0 Safari/537.36'),
('110', '1', 'delete', 'products', 'Menghapus produk ID: 39', '140.213.118.32', 'Mozilla/5.0 (Macintosh; Intel Mac OS X 10_15_7) AppleWebKit/537.36 (KHTML, like Gecko) Chrome/149.0.0.0 Safari/537.36'),
('111', '1', 'delete', 'products', 'Menghapus produk ID: 38', '140.213.118.32', 'Mozilla/5.0 (Macintosh; Intel Mac OS X 10_15_7) AppleWebKit/537.36 (KHTML, like Gecko) Chrome/149.0.0.0 Safari/537.36'),
('112', '1', 'delete', 'products', 'Menghapus produk ID: 37', '140.213.118.32', 'Mozilla/5.0 (Macintosh; Intel Mac OS X 10_15_7) AppleWebKit/537.36 (KHTML, like Gecko) Chrome/149.0.0.0 Safari/537.36'),
('113', '1', 'delete', 'products', 'Menghapus produk ID: 36', '140.213.118.32', 'Mozilla/5.0 (Macintosh; Intel Mac OS X 10_15_7) AppleWebKit/537.36 (KHTML, like Gecko) Chrome/149.0.0.0 Safari/537.36'),
('114', '1', 'delete', 'products', 'Menghapus produk ID: 35', '140.213.118.32', 'Mozilla/5.0 (Macintosh; Intel Mac OS X 10_15_7) AppleWebKit/537.36 (KHTML, like Gecko) Chrome/149.0.0.0 Safari/537.36'),
('115', '1', 'delete', 'products', 'Menghapus produk ID: 34', '140.213.118.32', 'Mozilla/5.0 (Macintosh; Intel Mac OS X 10_15_7) AppleWebKit/537.36 (KHTML, like Gecko) Chrome/149.0.0.0 Safari/537.36'),
('116', '1', 'delete', 'products', 'Menghapus produk ID: 33', '140.213.118.32', 'Mozilla/5.0 (Macintosh; Intel Mac OS X 10_15_7) AppleWebKit/537.36 (KHTML, like Gecko) Chrome/149.0.0.0 Safari/537.36'),
('117', '1', 'delete', 'products', 'Menghapus produk ID: 32', '140.213.118.32', 'Mozilla/5.0 (Macintosh; Intel Mac OS X 10_15_7) AppleWebKit/537.36 (KHTML, like Gecko) Chrome/149.0.0.0 Safari/537.36'),
('118', '1', 'delete', 'products', 'Menghapus produk ID: 31', '140.213.118.32', 'Mozilla/5.0 (Macintosh; Intel Mac OS X 10_15_7) AppleWebKit/537.36 (KHTML, like Gecko) Chrome/149.0.0.0 Safari/537.36'),
('119', '1', 'delete', 'products', 'Menghapus produk ID: 30', '140.213.118.32', 'Mozilla/5.0 (Macintosh; Intel Mac OS X 10_15_7) AppleWebKit/537.36 (KHTML, like Gecko) Chrome/149.0.0.0 Safari/537.36'),
('120', '1', 'delete', 'products', 'Menghapus produk ID: 29', '140.213.118.32', 'Mozilla/5.0 (Macintosh; Intel Mac OS X 10_15_7) AppleWebKit/537.36 (KHTML, like Gecko) Chrome/149.0.0.0 Safari/537.36'),
('121', '1', 'delete', 'products', 'Menghapus produk ID: 28', '140.213.118.32', 'Mozilla/5.0 (Macintosh; Intel Mac OS X 10_15_7) AppleWebKit/537.36 (KHTML, like Gecko) Chrome/149.0.0.0 Safari/537.36'),
('122', '1', 'delete', 'products', 'Menghapus produk ID: 27', '140.213.118.32', 'Mozilla/5.0 (Macintosh; Intel Mac OS X 10_15_7) AppleWebKit/537.36 (KHTML, like Gecko) Chrome/149.0.0.0 Safari/537.36'),
('123', '1', 'delete', 'products', 'Menghapus produk ID: 26', '140.213.118.32', 'Mozilla/5.0 (Macintosh; Intel Mac OS X 10_15_7) AppleWebKit/537.36 (KHTML, like Gecko) Chrome/149.0.0.0 Safari/537.36'),
('124', '1', 'delete', 'products', 'Menghapus produk ID: 25', '140.213.118.32', 'Mozilla/5.0 (Macintosh; Intel Mac OS X 10_15_7) AppleWebKit/537.36 (KHTML, like Gecko) Chrome/149.0.0.0 Safari/537.36'),
('125', '1', 'delete', 'products', 'Menghapus produk ID: 24', '140.213.118.32', 'Mozilla/5.0 (Macintosh; Intel Mac OS X 10_15_7) AppleWebKit/537.36 (KHTML, like Gecko) Chrome/149.0.0.0 Safari/537.36'),
('126', '1', 'delete', 'products', 'Menghapus produk ID: 23', '140.213.118.32', 'Mozilla/5.0 (Macintosh; Intel Mac OS X 10_15_7) AppleWebKit/537.36 (KHTML, like Gecko) Chrome/149.0.0.0 Safari/537.36'),
('127', '1', 'delete', 'products', 'Menghapus produk ID: 22', '140.213.118.32', 'Mozilla/5.0 (Macintosh; Intel Mac OS X 10_15_7) AppleWebKit/537.36 (KHTML, like Gecko) Chrome/149.0.0.0 Safari/537.36'),
('128', '1', 'delete', 'products', 'Menghapus produk ID: 21', '140.213.118.32', 'Mozilla/5.0 (Macintosh; Intel Mac OS X 10_15_7) AppleWebKit/537.36 (KHTML, like Gecko) Chrome/149.0.0.0 Safari/537.36'),
('129', '1', 'delete', 'products', 'Menghapus produk ID: 20', '140.213.118.32', 'Mozilla/5.0 (Macintosh; Intel Mac OS X 10_15_7) AppleWebKit/537.36 (KHTML, like Gecko) Chrome/149.0.0.0 Safari/537.36'),
('130', '1', 'delete', 'products', 'Menghapus produk ID: 19', '140.213.118.32', 'Mozilla/5.0 (Macintosh; Intel Mac OS X 10_15_7) AppleWebKit/537.36 (KHTML, like Gecko) Chrome/149.0.0.0 Safari/537.36'),
('131', '1', 'delete', 'products', 'Menghapus produk ID: 18', '140.213.118.32', 'Mozilla/5.0 (Macintosh; Intel Mac OS X 10_15_7) AppleWebKit/537.36 (KHTML, like Gecko) Chrome/149.0.0.0 Safari/537.36'),
('132', '1', 'delete', 'products', 'Menghapus produk ID: 17', '140.213.118.32', 'Mozilla/5.0 (Macintosh; Intel Mac OS X 10_15_7) AppleWebKit/537.36 (KHTML, like Gecko) Chrome/149.0.0.0 Safari/537.36'),
('133', '1', 'delete', 'products', 'Menghapus produk ID: 16', '140.213.118.32', 'Mozilla/5.0 (Macintosh; Intel Mac OS X 10_15_7) AppleWebKit/537.36 (KHTML, like Gecko) Chrome/149.0.0.0 Safari/537.36'),
('134', '1', 'delete', 'products', 'Menghapus produk ID: 15', '140.213.118.32', 'Mozilla/5.0 (Macintosh; Intel Mac OS X 10_15_7) AppleWebKit/537.36 (KHTML, like Gecko) Chrome/149.0.0.0 Safari/537.36'),
('135', '1', 'delete', 'products', 'Menghapus produk ID: 14', '140.213.118.32', 'Mozilla/5.0 (Macintosh; Intel Mac OS X 10_15_7) AppleWebKit/537.36 (KHTML, like Gecko) Chrome/149.0.0.0 Safari/537.36'),
('136', '1', 'delete', 'products', 'Menghapus produk ID: 13', '140.213.118.32', 'Mozilla/5.0 (Macintosh; Intel Mac OS X 10_15_7) AppleWebKit/537.36 (KHTML, like Gecko) Chrome/149.0.0.0 Safari/537.36'),
('137', '1', 'delete', 'products', 'Menghapus produk ID: 12', '140.213.118.32', 'Mozilla/5.0 (Macintosh; Intel Mac OS X 10_15_7) AppleWebKit/537.36 (KHTML, like Gecko) Chrome/149.0.0.0 Safari/537.36'),
('138', '1', 'delete', 'products', 'Menghapus produk ID: 11', '140.213.118.32', 'Mozilla/5.0 (Macintosh; Intel Mac OS X 10_15_7) AppleWebKit/537.36 (KHTML, like Gecko) Chrome/149.0.0.0 Safari/537.36'),
('139', '1', 'delete', 'products', 'Menghapus produk ID: 10', '140.213.118.32', 'Mozilla/5.0 (Macintosh; Intel Mac OS X 10_15_7) AppleWebKit/537.36 (KHTML, like Gecko) Chrome/149.0.0.0 Safari/537.36'),
('140', '1', 'delete', 'products', 'Menghapus produk ID: 51', '140.213.118.32', 'Mozilla/5.0 (Macintosh; Intel Mac OS X 10_15_7) AppleWebKit/537.36 (KHTML, like Gecko) Chrome/149.0.0.0 Safari/537.36'),
('141', '1', 'delete', 'products', 'Menghapus produk ID: 9', '140.213.118.32', 'Mozilla/5.0 (Macintosh; Intel Mac OS X 10_15_7) AppleWebKit/537.36 (KHTML, like Gecko) Chrome/149.0.0.0 Safari/537.36'),
('142', '1', 'delete', 'products', 'Menghapus produk ID: 8', '140.213.118.32', 'Mozilla/5.0 (Macintosh; Intel Mac OS X 10_15_7) AppleWebKit/537.36 (KHTML, like Gecko) Chrome/149.0.0.0 Safari/537.36'),
('143', '1', 'delete', 'products', 'Menghapus produk ID: 7', '140.213.118.32', 'Mozilla/5.0 (Macintosh; Intel Mac OS X 10_15_7) AppleWebKit/537.36 (KHTML, like Gecko) Chrome/149.0.0.0 Safari/537.36'),
('144', '1', 'delete', 'products', 'Menghapus produk ID: 6', '140.213.118.32', 'Mozilla/5.0 (Macintosh; Intel Mac OS X 10_15_7) AppleWebKit/537.36 (KHTML, like Gecko) Chrome/149.0.0.0 Safari/537.36'),
('145', '1', 'delete', 'products', 'Menghapus produk ID: 5', '140.213.118.32', 'Mozilla/5.0 (Macintosh; Intel Mac OS X 10_15_7) AppleWebKit/537.36 (KHTML, like Gecko) Chrome/149.0.0.0 Safari/537.36'),
('146', '1', 'delete', 'products', 'Menghapus produk ID: 4', '140.213.118.32', 'Mozilla/5.0 (Macintosh; Intel Mac OS X 10_15_7) AppleWebKit/537.36 (KHTML, like Gecko) Chrome/149.0.0.0 Safari/537.36'),
('147', '1', 'delete', 'products', 'Menghapus produk ID: 3', '140.213.118.32', 'Mozilla/5.0 (Macintosh; Intel Mac OS X 10_15_7) AppleWebKit/537.36 (KHTML, like Gecko) Chrome/149.0.0.0 Safari/537.36'),
('148', '1', 'delete', 'products', 'Menghapus produk ID: 2', '140.213.118.32', 'Mozilla/5.0 (Macintosh; Intel Mac OS X 10_15_7) AppleWebKit/537.36 (KHTML, like Gecko) Chrome/149.0.0.0 Safari/537.36'),
('149', '1', 'delete', 'products', 'Menghapus produk ID: 1', '140.213.118.32', 'Mozilla/5.0 (Macintosh; Intel Mac OS X 10_15_7) AppleWebKit/537.36 (KHTML, like Gecko) Chrome/149.0.0.0 Safari/537.36'),
('150', '1', 'login', 'auth', 'User login berhasil.', '140.213.118.32', 'Mozilla/5.0 (Macintosh; Intel Mac OS X 10_15_7) AppleWebKit/537.36 (KHTML, like Gecko) Chrome/148.0.0.0 Safari/537.36 OPR/132.0.0.0'),
('151', '1', 'create', 'products', 'Menambahkan produk: CCR2004-16G-2S+', '140.213.118.32', 'Mozilla/5.0 (Macintosh; Intel Mac OS X 10_15_7) AppleWebKit/537.36 (KHTML, like Gecko) Chrome/148.0.0.0 Safari/537.36 OPR/132.0.0.0'),
('152', '1', 'upload_main_image', 'products', 'Upload main image produk: CCR2004-16G-2S+', '140.213.118.32', 'Mozilla/5.0 (Macintosh; Intel Mac OS X 10_15_7) AppleWebKit/537.36 (KHTML, like Gecko) Chrome/148.0.0.0 Safari/537.36 OPR/132.0.0.0'),
('153', '1', 'update', 'products', 'Mengubah produk: CCR2004-16G-2S+', '140.213.118.32', 'Mozilla/5.0 (Macintosh; Intel Mac OS X 10_15_7) AppleWebKit/537.36 (KHTML, like Gecko) Chrome/148.0.0.0 Safari/537.36 OPR/132.0.0.0'),
('154', '1', 'update', 'products', 'Mengubah produk: CCR2004-16G-2S+', '140.213.118.32', 'Mozilla/5.0 (Macintosh; Intel Mac OS X 10_15_7) AppleWebKit/537.36 (KHTML, like Gecko) Chrome/148.0.0.0 Safari/537.36 OPR/132.0.0.0'),
('155', '1', 'update', 'products', 'Mengubah produk: CCR2004-16G-2S+', '140.213.118.32', 'Mozilla/5.0 (Macintosh; Intel Mac OS X 10_15_7) AppleWebKit/537.36 (KHTML, like Gecko) Chrome/148.0.0.0 Safari/537.36 OPR/132.0.0.0'),
('156', '1', 'update', 'products', 'Mengubah produk: CCR2004-16G-2S+', '140.213.118.32', 'Mozilla/5.0 (Macintosh; Intel Mac OS X 10_15_7) AppleWebKit/537.36 (KHTML, like Gecko) Chrome/148.0.0.0 Safari/537.36 OPR/132.0.0.0'),
('157', '1', 'update', 'products', 'Mengubah produk: CCR2004-16G-2S+', '140.213.118.32', 'Mozilla/5.0 (Macintosh; Intel Mac OS X 10_15_7) AppleWebKit/537.36 (KHTML, like Gecko) Chrome/148.0.0.0 Safari/537.36 OPR/132.0.0.0'),
('158', '1', 'create', 'products', 'Menambahkan produk: MikroTik CCR2116-12G-4S+', '140.213.118.32', 'Mozilla/5.0 (Macintosh; Intel Mac OS X 10_15_7) AppleWebKit/537.36 (KHTML, like Gecko) Chrome/148.0.0.0 Safari/537.36 OPR/132.0.0.0'),
('159', '1', 'upload_main_image', 'products', 'Upload main image produk: MikroTik CCR2116-12G-4S+', '140.213.118.32', 'Mozilla/5.0 (Macintosh; Intel Mac OS X 10_15_7) AppleWebKit/537.36 (KHTML, like Gecko) Chrome/148.0.0.0 Safari/537.36 OPR/132.0.0.0'),
('160', '1', 'upload_gallery_images', 'products', 'Upload gallery image produk: MikroTik CCR2116-12G-4S+', '140.213.118.32', 'Mozilla/5.0 (Macintosh; Intel Mac OS X 10_15_7) AppleWebKit/537.36 (KHTML, like Gecko) Chrome/148.0.0.0 Safari/537.36 OPR/132.0.0.0'),
('161', '1', 'update', 'products', 'Mengubah produk: MikroTik CCR2116-12G-4S+', '140.213.118.32', 'Mozilla/5.0 (Macintosh; Intel Mac OS X 10_15_7) AppleWebKit/537.36 (KHTML, like Gecko) Chrome/148.0.0.0 Safari/537.36 OPR/132.0.0.0'),
('162', '1', 'update', 'products', 'Mengubah produk: MikroTik CCR2116-12G-4S+', '140.213.118.32', 'Mozilla/5.0 (Macintosh; Intel Mac OS X 10_15_7) AppleWebKit/537.36 (KHTML, like Gecko) Chrome/148.0.0.0 Safari/537.36 OPR/132.0.0.0'),
('163', '1', 'delete_image', 'products', 'Menghapus gambar produk ID: 72', '140.213.118.32', 'Mozilla/5.0 (Macintosh; Intel Mac OS X 10_15_7) AppleWebKit/537.36 (KHTML, like Gecko) Chrome/148.0.0.0 Safari/537.36 OPR/132.0.0.0'),
('164', '1', 'update', 'products', 'Mengubah produk: MikroTik CCR2116-12G-4S+', '140.213.118.32', 'Mozilla/5.0 (Macintosh; Intel Mac OS X 10_15_7) AppleWebKit/537.36 (KHTML, like Gecko) Chrome/148.0.0.0 Safari/537.36 OPR/132.0.0.0'),
('165', '1', 'delete_image', 'products', 'Menghapus gambar produk ID: 70', '140.213.118.32', 'Mozilla/5.0 (Macintosh; Intel Mac OS X 10_15_7) AppleWebKit/537.36 (KHTML, like Gecko) Chrome/148.0.0.0 Safari/537.36 OPR/132.0.0.0'),
('166', '1', 'upload_gallery_images', 'products', 'Upload gallery image produk: MikroTik CCR2116-12G-4S+', '140.213.118.32', 'Mozilla/5.0 (Macintosh; Intel Mac OS X 10_15_7) AppleWebKit/537.36 (KHTML, like Gecko) Chrome/148.0.0.0 Safari/537.36 OPR/132.0.0.0'),
('167', '1', 'update', 'products', 'Mengubah produk: MikroTik CCR2116-12G-4S+', '140.213.118.32', 'Mozilla/5.0 (Macintosh; Intel Mac OS X 10_15_7) AppleWebKit/537.36 (KHTML, like Gecko) Chrome/148.0.0.0 Safari/537.36 OPR/132.0.0.0'),
('168', '1', 'update', 'products', 'Mengubah produk: MikroTik CCR2116-12G-4S+', '140.213.118.32', 'Mozilla/5.0 (Macintosh; Intel Mac OS X 10_15_7) AppleWebKit/537.36 (KHTML, like Gecko) Chrome/148.0.0.0 Safari/537.36 OPR/132.0.0.0'),
('169', '1', 'login', 'auth', 'User login berhasil.', '140.213.118.32', 'Mozilla/5.0 (Macintosh; Intel Mac OS X 10_15_7) AppleWebKit/537.36 (KHTML, like Gecko) Chrome/148.0.0.0 Safari/537.36 OPR/132.0.0.0'),
('170', '1', 'delete_image', 'products', 'Menghapus gambar produk ID: 69', '140.213.118.32', 'Mozilla/5.0 (Macintosh; Intel Mac OS X 10_15_7) AppleWebKit/537.36 (KHTML, like Gecko) Chrome/148.0.0.0 Safari/537.36 OPR/132.0.0.0'),
('171', '1', 'update', 'products', 'Mengubah produk: MikroTik CCR2116-12G-4S+', '140.213.118.32', 'Mozilla/5.0 (Macintosh; Intel Mac OS X 10_15_7) AppleWebKit/537.36 (KHTML, like Gecko) Chrome/148.0.0.0 Safari/537.36 OPR/132.0.0.0'),
('172', '1', 'login', 'auth', 'User login berhasil.', '140.213.118.32', 'Mozilla/5.0 (Macintosh; Intel Mac OS X 10_15_7) AppleWebKit/537.36 (KHTML, like Gecko) Chrome/149.0.0.0 Safari/537.36'),
('173', '1', 'update', 'products', 'Mengubah produk: Mikrotik CCR2004-16G-2S+', '140.213.118.32', 'Mozilla/5.0 (Macintosh; Intel Mac OS X 10_15_7) AppleWebKit/537.36 (KHTML, like Gecko) Chrome/149.0.0.0 Safari/537.36'),
('174', '1', 'update', 'products', 'Mengubah produk: Mikrotik CCR2004-16G-2S+', '140.213.118.32', 'Mozilla/5.0 (Macintosh; Intel Mac OS X 10_15_7) AppleWebKit/537.36 (KHTML, like Gecko) Chrome/149.0.0.0 Safari/537.36'),
('175', '1', 'update', 'products', 'Mengubah produk: Mikrotik CCR2004-16G-2S+', '140.213.118.32', 'Mozilla/5.0 (Macintosh; Intel Mac OS X 10_15_7) AppleWebKit/537.36 (KHTML, like Gecko) Chrome/149.0.0.0 Safari/537.36'),
('176', '1', 'update', 'products', 'Mengubah produk: Mikrotik CCR2004-16G-2S+', '140.213.118.32', 'Mozilla/5.0 (Macintosh; Intel Mac OS X 10_15_7) AppleWebKit/537.36 (KHTML, like Gecko) Chrome/149.0.0.0 Safari/537.36'),
('177', '1', 'update', 'products', 'Mengubah produk: Mikrotik CCR2004-16G-2S+', '140.213.118.32', 'Mozilla/5.0 (Macintosh; Intel Mac OS X 10_15_7) AppleWebKit/537.36 (KHTML, like Gecko) Chrome/149.0.0.0 Safari/537.36'),
('178', '1', 'update', 'products', 'Mengubah produk: Mikrotik CCR2004-16G-2S+', '140.213.118.32', 'Mozilla/5.0 (Macintosh; Intel Mac OS X 10_15_7) AppleWebKit/537.36 (KHTML, like Gecko) Chrome/149.0.0.0 Safari/537.36'),
('179', '1', 'create', 'products', 'Menambahkan produk: Mikrotik CCR2216-1G-12XS-2XQ', '140.213.118.32', 'Mozilla/5.0 (Macintosh; Intel Mac OS X 10_15_7) AppleWebKit/537.36 (KHTML, like Gecko) Chrome/149.0.0.0 Safari/537.36'),
('180', '1', 'create', 'products', 'Menambahkan produk: Mikrotik CRS326-24S+2Q+RM', '140.213.118.32', 'Mozilla/5.0 (Macintosh; Intel Mac OS X 10_15_7) AppleWebKit/537.36 (KHTML, like Gecko) Chrome/149.0.0.0 Safari/537.36'),
('181', '1', 'create', 'products', 'Menambahkan produk: Mikrotik CRS305-1G-4S+IN', '140.213.118.32', 'Mozilla/5.0 (Macintosh; Intel Mac OS X 10_15_7) AppleWebKit/537.36 (KHTML, like Gecko) Chrome/149.0.0.0 Safari/537.36'),
('182', '1', 'create', 'products', 'Menambahkan produk: Mikrotik CRS518-16XS-2XQ-RM', '140.213.118.32', 'Mozilla/5.0 (Macintosh; Intel Mac OS X 10_15_7) AppleWebKit/537.36 (KHTML, like Gecko) Chrome/149.0.0.0 Safari/537.36'),
('183', '1', 'create', 'products', 'Menambahkan produk: Mikrotik CRS310-1G-5S-4S+IN', '140.213.118.32', 'Mozilla/5.0 (Macintosh; Intel Mac OS X 10_15_7) AppleWebKit/537.36 (KHTML, like Gecko) Chrome/149.0.0.0 Safari/537.36'),
('184', '1', 'create', 'products', 'Menambahkan produk: Mikrotik CSS326-24G-2S+RM', '140.213.118.32', 'Mozilla/5.0 (Macintosh; Intel Mac OS X 10_15_7) AppleWebKit/537.36 (KHTML, like Gecko) Chrome/149.0.0.0 Safari/537.36'),
('185', '1', 'create', 'products', 'Menambahkan produk: Mikrotik E50UG', '140.213.118.32', 'Mozilla/5.0 (Macintosh; Intel Mac OS X 10_15_7) AppleWebKit/537.36 (KHTML, like Gecko) Chrome/149.0.0.0 Safari/537.36'),
('186', '1', 'create', 'products', 'Menambahkan produk: Mikrotik RB1100x4', '140.213.118.32', 'Mozilla/5.0 (Macintosh; Intel Mac OS X 10_15_7) AppleWebKit/537.36 (KHTML, like Gecko) Chrome/149.0.0.0 Safari/537.36'),
('187', '1', 'create', 'products', 'Menambahkan produk: Mikrotik RB5009UG+S+IN', '140.213.118.32', 'Mozilla/5.0 (Macintosh; Intel Mac OS X 10_15_7) AppleWebKit/537.36 (KHTML, like Gecko) Chrome/149.0.0.0 Safari/537.36'),
('188', '1', 'create', 'products', 'Menambahkan produk: Mikrotik RB750Gr3', '140.213.118.32', 'Mozilla/5.0 (Macintosh; Intel Mac OS X 10_15_7) AppleWebKit/537.36 (KHTML, like Gecko) Chrome/149.0.0.0 Safari/537.36'),
('189', '1', 'create', 'products', 'Menambahkan produk: Mikrotik RB750r2', '140.213.118.32', 'Mozilla/5.0 (Macintosh; Intel Mac OS X 10_15_7) AppleWebKit/537.36 (KHTML, like Gecko) Chrome/149.0.0.0 Safari/537.36'),
('190', '1', 'create', 'products', 'Menambahkan produk: Mikrotik RB941-2nD (hAP lite)', '140.213.118.32', 'Mozilla/5.0 (Macintosh; Intel Mac OS X 10_15_7) AppleWebKit/537.36 (KHTML, like Gecko) Chrome/149.0.0.0 Safari/537.36'),
('191', '1', 'create', 'products', 'Menambahkan produk: Mikrotik RB951Ui-2nD', '140.213.118.32', 'Mozilla/5.0 (Macintosh; Intel Mac OS X 10_15_7) AppleWebKit/537.36 (KHTML, like Gecko) Chrome/149.0.0.0 Safari/537.36'),
('192', '1', 'create', 'products', 'Menambahkan produk: Vol.Tech VT-861', '140.213.118.32', 'Mozilla/5.0 (Macintosh; Intel Mac OS X 10_15_7) AppleWebKit/537.36 (KHTML, like Gecko) Chrome/149.0.0.0 Safari/537.36'),
('193', '1', 'create', 'products', 'Menambahkan produk: Vol.Tech VT-601', '140.213.118.32', 'Mozilla/5.0 (Macintosh; Intel Mac OS X 10_15_7) AppleWebKit/537.36 (KHTML, like Gecko) Chrome/149.0.0.0 Safari/537.36'),
('194', '1', 'create', 'products', 'Menambahkan produk: Ubiquiti U7-Lite', '140.213.118.32', 'Mozilla/5.0 (Macintosh; Intel Mac OS X 10_15_7) AppleWebKit/537.36 (KHTML, like Gecko) Chrome/149.0.0.0 Safari/537.36'),
('195', '1', 'create', 'products', 'Menambahkan produk: Ubiquiti U7-LR', '140.213.118.32', 'Mozilla/5.0 (Macintosh; Intel Mac OS X 10_15_7) AppleWebKit/537.36 (KHTML, like Gecko) Chrome/149.0.0.0 Safari/537.36'),
('196', '1', 'create', 'products', 'Menambahkan produk: Ubiquiti U7-Pro', '140.213.118.32', 'Mozilla/5.0 (Macintosh; Intel Mac OS X 10_15_7) AppleWebKit/537.36 (KHTML, like Gecko) Chrome/149.0.0.0 Safari/537.36'),
('197', '1', 'create', 'products', 'Menambahkan produk: Ubiquiti U7-Pro-Max', '140.213.118.32', 'Mozilla/5.0 (Macintosh; Intel Mac OS X 10_15_7) AppleWebKit/537.36 (KHTML, like Gecko) Chrome/149.0.0.0 Safari/537.36'),
('198', '1', 'create', 'products', 'Menambahkan produk: Ubiquiti U7-Outdoor', '140.213.118.32', 'Mozilla/5.0 (Macintosh; Intel Mac OS X 10_15_7) AppleWebKit/537.36 (KHTML, like Gecko) Chrome/149.0.0.0 Safari/537.36'),
('199', '1', 'create', 'products', 'Menambahkan produk: Ubiquiti U7-Pro-XG', '140.213.118.32', 'Mozilla/5.0 (Macintosh; Intel Mac OS X 10_15_7) AppleWebKit/537.36 (KHTML, like Gecko) Chrome/149.0.0.0 Safari/537.36'),
('200', '1', 'create', 'products', 'Menambahkan produk: Ubiquiti U7-Pro-XGS', '140.213.118.32', 'Mozilla/5.0 (Macintosh; Intel Mac OS X 10_15_7) AppleWebKit/537.36 (KHTML, like Gecko) Chrome/149.0.0.0 Safari/537.36');
INSERT INTO `activity_logs` (`id`, `user_id`, `action`, `module`, `description`, `ip_address`, `user_agent`) VALUES
('201', '1', 'create', 'products', 'Menambahkan produk: Ubiquiti U6-Enterprise', '140.213.118.32', 'Mozilla/5.0 (Macintosh; Intel Mac OS X 10_15_7) AppleWebKit/537.36 (KHTML, like Gecko) Chrome/149.0.0.0 Safari/537.36'),
('202', '1', 'create', 'products', 'Menambahkan produk: Ubiquiti U6+', '140.213.118.32', 'Mozilla/5.0 (Macintosh; Intel Mac OS X 10_15_7) AppleWebKit/537.36 (KHTML, like Gecko) Chrome/149.0.0.0 Safari/537.36'),
('203', '1', 'create', 'products', 'Menambahkan produk: Ubiquiti E7', '140.213.118.32', 'Mozilla/5.0 (Macintosh; Intel Mac OS X 10_15_7) AppleWebKit/537.36 (KHTML, like Gecko) Chrome/149.0.0.0 Safari/537.36'),
('204', '1', 'create', 'products', 'Menambahkan produk: Ubiquiti EFG', '140.213.118.32', 'Mozilla/5.0 (Macintosh; Intel Mac OS X 10_15_7) AppleWebKit/537.36 (KHTML, like Gecko) Chrome/149.0.0.0 Safari/537.36'),
('205', '1', 'create', 'products', 'Menambahkan produk: Ubiquiti UCG-Ultra-EU', '140.213.118.32', 'Mozilla/5.0 (Macintosh; Intel Mac OS X 10_15_7) AppleWebKit/537.36 (KHTML, like Gecko) Chrome/149.0.0.0 Safari/537.36'),
('206', '1', 'create', 'products', 'Menambahkan produk: Ubiquiti UCG-Max-EU', '140.213.118.32', 'Mozilla/5.0 (Macintosh; Intel Mac OS X 10_15_7) AppleWebKit/537.36 (KHTML, like Gecko) Chrome/149.0.0.0 Safari/537.36'),
('207', '1', 'create', 'products', 'Menambahkan produk: Ubiquiti UCG-Fiber-EU', '140.213.118.32', 'Mozilla/5.0 (Macintosh; Intel Mac OS X 10_15_7) AppleWebKit/537.36 (KHTML, like Gecko) Chrome/149.0.0.0 Safari/537.36'),
('208', '1', 'create', 'products', 'Menambahkan produk: Ubiquiti UDM-Pro-EU', '140.213.118.32', 'Mozilla/5.0 (Macintosh; Intel Mac OS X 10_15_7) AppleWebKit/537.36 (KHTML, like Gecko) Chrome/149.0.0.0 Safari/537.36'),
('209', '1', 'create', 'products', 'Menambahkan produk: Ubiquiti UDM-Pro-Max-EU', '140.213.118.32', 'Mozilla/5.0 (Macintosh; Intel Mac OS X 10_15_7) AppleWebKit/537.36 (KHTML, like Gecko) Chrome/149.0.0.0 Safari/537.36'),
('210', '1', 'create', 'products', 'Menambahkan produk: Ubiquiti UDM-SE', '140.213.118.32', 'Mozilla/5.0 (Macintosh; Intel Mac OS X 10_15_7) AppleWebKit/537.36 (KHTML, like Gecko) Chrome/149.0.0.0 Safari/537.36'),
('211', '1', 'create', 'products', 'Menambahkan produk: Ubiquiti UDR7-EU', '140.213.118.32', 'Mozilla/5.0 (Macintosh; Intel Mac OS X 10_15_7) AppleWebKit/537.36 (KHTML, like Gecko) Chrome/149.0.0.0 Safari/537.36'),
('212', '1', 'create', 'products', 'Menambahkan produk: Ubiquiti USW-Lite-8-POE-EU', '140.213.118.32', 'Mozilla/5.0 (Macintosh; Intel Mac OS X 10_15_7) AppleWebKit/537.36 (KHTML, like Gecko) Chrome/149.0.0.0 Safari/537.36'),
('213', '1', 'create', 'products', 'Menambahkan produk: Ubiquiti USW-Pro-8-PoE-EU', '140.213.118.32', 'Mozilla/5.0 (Macintosh; Intel Mac OS X 10_15_7) AppleWebKit/537.36 (KHTML, like Gecko) Chrome/149.0.0.0 Safari/537.36'),
('214', '1', 'create', 'products', 'Menambahkan produk: Ubiquiti USW-16-POE', '140.213.118.32', 'Mozilla/5.0 (Macintosh; Intel Mac OS X 10_15_7) AppleWebKit/537.36 (KHTML, like Gecko) Chrome/149.0.0.0 Safari/537.36'),
('215', '1', 'create', 'products', 'Menambahkan produk: Ubiquiti USW-Pro-24-POE-EU', '140.213.118.32', 'Mozilla/5.0 (Macintosh; Intel Mac OS X 10_15_7) AppleWebKit/537.36 (KHTML, like Gecko) Chrome/149.0.0.0 Safari/537.36'),
('216', '1', 'create', 'products', 'Menambahkan produk: Ubiquiti USW-AGGREGATION-EU', '140.213.118.32', 'Mozilla/5.0 (Macintosh; Intel Mac OS X 10_15_7) AppleWebKit/537.36 (KHTML, like Gecko) Chrome/149.0.0.0 Safari/537.36'),
('217', '1', 'create', 'products', 'Menambahkan produk: Ubiquiti USW-Pro-Aggregation', '140.213.118.32', 'Mozilla/5.0 (Macintosh; Intel Mac OS X 10_15_7) AppleWebKit/537.36 (KHTML, like Gecko) Chrome/149.0.0.0 Safari/537.36'),
('218', '1', 'create', 'products', 'Menambahkan produk: Ubiquiti USW-Pro-48-POE-EU', '140.213.118.32', 'Mozilla/5.0 (Macintosh; Intel Mac OS X 10_15_7) AppleWebKit/537.36 (KHTML, like Gecko) Chrome/149.0.0.0 Safari/537.36'),
('219', '1', 'create', 'products', 'Menambahkan produk: Ubiquiti USW-Pro-Max-16-PoE-EU', '140.213.118.32', 'Mozilla/5.0 (Macintosh; Intel Mac OS X 10_15_7) AppleWebKit/537.36 (KHTML, like Gecko) Chrome/149.0.0.0 Safari/537.36'),
('220', '1', 'create', 'products', 'Menambahkan produk: Ubiquiti USW-Pro-Max-24-PoE-EU', '140.213.118.32', 'Mozilla/5.0 (Macintosh; Intel Mac OS X 10_15_7) AppleWebKit/537.36 (KHTML, like Gecko) Chrome/149.0.0.0 Safari/537.36'),
('221', '1', 'create', 'products', 'Menambahkan produk: Ubiquiti USW-Pro-Max-48-PoE-EU', '140.213.118.32', 'Mozilla/5.0 (Macintosh; Intel Mac OS X 10_15_7) AppleWebKit/537.36 (KHTML, like Gecko) Chrome/149.0.0.0 Safari/537.36'),
('222', '1', 'create', 'products', 'Menambahkan produk: Ubiquiti USW-Ultra-210W-EU', '140.213.118.32', 'Mozilla/5.0 (Macintosh; Intel Mac OS X 10_15_7) AppleWebKit/537.36 (KHTML, like Gecko) Chrome/149.0.0.0 Safari/537.36'),
('223', '1', 'upload_main_image', 'products', 'Upload main image produk: Mikrotik CCR2216-1G-12XS-2XQ', '140.213.118.32', 'Mozilla/5.0 (Macintosh; Intel Mac OS X 10_15_7) AppleWebKit/537.36 (KHTML, like Gecko) Chrome/149.0.0.0 Safari/537.36'),
('224', '1', 'upload_gallery_images', 'products', 'Upload gallery image produk: Mikrotik CCR2216-1G-12XS-2XQ', '140.213.118.32', 'Mozilla/5.0 (Macintosh; Intel Mac OS X 10_15_7) AppleWebKit/537.36 (KHTML, like Gecko) Chrome/149.0.0.0 Safari/537.36'),
('225', '1', 'update', 'products', 'Mengubah produk: Mikrotik CCR2216-1G-12XS-2XQ', '140.213.118.32', 'Mozilla/5.0 (Macintosh; Intel Mac OS X 10_15_7) AppleWebKit/537.36 (KHTML, like Gecko) Chrome/149.0.0.0 Safari/537.36'),
('226', '1', 'login', 'auth', 'User login berhasil.', '140.213.118.32', 'Mozilla/5.0 (Macintosh; Intel Mac OS X 10_15_7) AppleWebKit/537.36 (KHTML, like Gecko) Chrome/148.0.0.0 Safari/537.36 OPR/132.0.0.0'),
('227', '1', 'upload_main_image', 'products', 'Upload main image produk: Mikrotik CRS326-24S+2Q+RM', '140.213.118.32', 'Mozilla/5.0 (Macintosh; Intel Mac OS X 10_15_7) AppleWebKit/537.36 (KHTML, like Gecko) Chrome/149.0.0.0 Safari/537.36'),
('228', '1', 'upload_gallery_images', 'products', 'Upload gallery image produk: Mikrotik CRS326-24S+2Q+RM', '140.213.118.32', 'Mozilla/5.0 (Macintosh; Intel Mac OS X 10_15_7) AppleWebKit/537.36 (KHTML, like Gecko) Chrome/149.0.0.0 Safari/537.36'),
('229', '1', 'update', 'products', 'Mengubah produk: Mikrotik CRS326-24S+2Q+RM', '140.213.118.32', 'Mozilla/5.0 (Macintosh; Intel Mac OS X 10_15_7) AppleWebKit/537.36 (KHTML, like Gecko) Chrome/149.0.0.0 Safari/537.36'),
('230', '1', 'update', 'products', 'Mengubah produk: Mikrotik CRS326-24S+2Q+RM', '140.213.118.32', 'Mozilla/5.0 (Macintosh; Intel Mac OS X 10_15_7) AppleWebKit/537.36 (KHTML, like Gecko) Chrome/149.0.0.0 Safari/537.36'),
('231', '1', 'upload_main_image', 'products', 'Upload main image produk: Mikrotik CRS305-1G-4S+IN', '140.213.118.32', 'Mozilla/5.0 (Macintosh; Intel Mac OS X 10_15_7) AppleWebKit/537.36 (KHTML, like Gecko) Chrome/149.0.0.0 Safari/537.36'),
('232', '1', 'upload_gallery_images', 'products', 'Upload gallery image produk: Mikrotik CRS305-1G-4S+IN', '140.213.118.32', 'Mozilla/5.0 (Macintosh; Intel Mac OS X 10_15_7) AppleWebKit/537.36 (KHTML, like Gecko) Chrome/149.0.0.0 Safari/537.36'),
('233', '1', 'update', 'products', 'Mengubah produk: Mikrotik CRS305-1G-4S+IN', '140.213.118.32', 'Mozilla/5.0 (Macintosh; Intel Mac OS X 10_15_7) AppleWebKit/537.36 (KHTML, like Gecko) Chrome/149.0.0.0 Safari/537.36'),
('234', '1', 'upload_main_image', 'products', 'Upload main image produk: Mikrotik CRS518-16XS-2XQ-RM', '140.213.118.32', 'Mozilla/5.0 (Macintosh; Intel Mac OS X 10_15_7) AppleWebKit/537.36 (KHTML, like Gecko) Chrome/149.0.0.0 Safari/537.36'),
('235', '1', 'upload_gallery_images', 'products', 'Upload gallery image produk: Mikrotik CRS518-16XS-2XQ-RM', '140.213.118.32', 'Mozilla/5.0 (Macintosh; Intel Mac OS X 10_15_7) AppleWebKit/537.36 (KHTML, like Gecko) Chrome/149.0.0.0 Safari/537.36'),
('236', '1', 'update', 'products', 'Mengubah produk: Mikrotik CRS518-16XS-2XQ-RM', '140.213.118.32', 'Mozilla/5.0 (Macintosh; Intel Mac OS X 10_15_7) AppleWebKit/537.36 (KHTML, like Gecko) Chrome/149.0.0.0 Safari/537.36'),
('237', '1', 'upload_main_image', 'products', 'Upload main image produk: Mikrotik CRS310-1G-5S-4S+IN', '140.213.118.32', 'Mozilla/5.0 (Macintosh; Intel Mac OS X 10_15_7) AppleWebKit/537.36 (KHTML, like Gecko) Chrome/149.0.0.0 Safari/537.36'),
('238', '1', 'upload_gallery_images', 'products', 'Upload gallery image produk: Mikrotik CRS310-1G-5S-4S+IN', '140.213.118.32', 'Mozilla/5.0 (Macintosh; Intel Mac OS X 10_15_7) AppleWebKit/537.36 (KHTML, like Gecko) Chrome/149.0.0.0 Safari/537.36'),
('239', '1', 'update', 'products', 'Mengubah produk: Mikrotik CRS310-1G-5S-4S+IN', '140.213.118.32', 'Mozilla/5.0 (Macintosh; Intel Mac OS X 10_15_7) AppleWebKit/537.36 (KHTML, like Gecko) Chrome/149.0.0.0 Safari/537.36'),
('240', '1', 'upload_main_image', 'products', 'Upload main image produk: Mikrotik CSS326-24G-2S+RM', '140.213.118.32', 'Mozilla/5.0 (Macintosh; Intel Mac OS X 10_15_7) AppleWebKit/537.36 (KHTML, like Gecko) Chrome/149.0.0.0 Safari/537.36'),
('241', '1', 'upload_gallery_images', 'products', 'Upload gallery image produk: Mikrotik CSS326-24G-2S+RM', '140.213.118.32', 'Mozilla/5.0 (Macintosh; Intel Mac OS X 10_15_7) AppleWebKit/537.36 (KHTML, like Gecko) Chrome/149.0.0.0 Safari/537.36'),
('242', '1', 'update', 'products', 'Mengubah produk: Mikrotik CSS326-24G-2S+RM', '140.213.118.32', 'Mozilla/5.0 (Macintosh; Intel Mac OS X 10_15_7) AppleWebKit/537.36 (KHTML, like Gecko) Chrome/149.0.0.0 Safari/537.36'),
('243', '1', 'upload_main_image', 'products', 'Upload main image produk: Mikrotik E50UG', '140.213.118.32', 'Mozilla/5.0 (Macintosh; Intel Mac OS X 10_15_7) AppleWebKit/537.36 (KHTML, like Gecko) Chrome/149.0.0.0 Safari/537.36'),
('244', '1', 'upload_gallery_images', 'products', 'Upload gallery image produk: Mikrotik E50UG', '140.213.118.32', 'Mozilla/5.0 (Macintosh; Intel Mac OS X 10_15_7) AppleWebKit/537.36 (KHTML, like Gecko) Chrome/149.0.0.0 Safari/537.36'),
('245', '1', 'upload_gallery_images', 'products', 'Upload gallery image produk: Mikrotik RB1100x4', '140.213.118.32', 'Mozilla/5.0 (Macintosh; Intel Mac OS X 10_15_7) AppleWebKit/537.36 (KHTML, like Gecko) Chrome/149.0.0.0 Safari/537.36'),
('246', '1', 'update', 'products', 'Mengubah produk: Mikrotik RB1100x4', '140.213.118.32', 'Mozilla/5.0 (Macintosh; Intel Mac OS X 10_15_7) AppleWebKit/537.36 (KHTML, like Gecko) Chrome/149.0.0.0 Safari/537.36'),
('247', '1', 'upload_main_image', 'products', 'Upload main image produk: Mikrotik RB1100x4', '140.213.118.32', 'Mozilla/5.0 (Macintosh; Intel Mac OS X 10_15_7) AppleWebKit/537.36 (KHTML, like Gecko) Chrome/149.0.0.0 Safari/537.36'),
('248', '1', 'update', 'products', 'Mengubah produk: Mikrotik RB1100x4', '140.213.118.32', 'Mozilla/5.0 (Macintosh; Intel Mac OS X 10_15_7) AppleWebKit/537.36 (KHTML, like Gecko) Chrome/149.0.0.0 Safari/537.36'),
('249', '1', 'upload_main_image', 'products', 'Upload main image produk: Mikrotik RB5009UG+S+IN', '140.213.118.32', 'Mozilla/5.0 (Macintosh; Intel Mac OS X 10_15_7) AppleWebKit/537.36 (KHTML, like Gecko) Chrome/149.0.0.0 Safari/537.36'),
('250', '1', 'upload_gallery_images', 'products', 'Upload gallery image produk: Mikrotik RB5009UG+S+IN', '140.213.118.32', 'Mozilla/5.0 (Macintosh; Intel Mac OS X 10_15_7) AppleWebKit/537.36 (KHTML, like Gecko) Chrome/149.0.0.0 Safari/537.36'),
('251', '1', 'update', 'products', 'Mengubah produk: Mikrotik RB5009UG+S+IN', '140.213.118.32', 'Mozilla/5.0 (Macintosh; Intel Mac OS X 10_15_7) AppleWebKit/537.36 (KHTML, like Gecko) Chrome/149.0.0.0 Safari/537.36'),
('252', '1', 'upload_main_image', 'products', 'Upload main image produk: Mikrotik RB750Gr3', '140.213.118.32', 'Mozilla/5.0 (Macintosh; Intel Mac OS X 10_15_7) AppleWebKit/537.36 (KHTML, like Gecko) Chrome/149.0.0.0 Safari/537.36'),
('253', '1', 'update', 'products', 'Mengubah produk: Mikrotik RB750Gr3', '140.213.118.32', 'Mozilla/5.0 (Macintosh; Intel Mac OS X 10_15_7) AppleWebKit/537.36 (KHTML, like Gecko) Chrome/149.0.0.0 Safari/537.36'),
('254', '1', 'upload_main_image', 'products', 'Upload main image produk: Mikrotik RB750r2', '140.213.118.32', 'Mozilla/5.0 (Macintosh; Intel Mac OS X 10_15_7) AppleWebKit/537.36 (KHTML, like Gecko) Chrome/149.0.0.0 Safari/537.36'),
('255', '1', 'update', 'products', 'Mengubah produk: Mikrotik RB750r2', '140.213.118.32', 'Mozilla/5.0 (Macintosh; Intel Mac OS X 10_15_7) AppleWebKit/537.36 (KHTML, like Gecko) Chrome/149.0.0.0 Safari/537.36'),
('256', '1', 'upload_main_image', 'products', 'Upload main image produk: Mikrotik RB941-2nD (hAP lite)', '140.213.118.32', 'Mozilla/5.0 (Macintosh; Intel Mac OS X 10_15_7) AppleWebKit/537.36 (KHTML, like Gecko) Chrome/149.0.0.0 Safari/537.36'),
('257', '1', 'update', 'products', 'Mengubah produk: Mikrotik RB941-2nD (hAP lite)', '140.213.118.32', 'Mozilla/5.0 (Macintosh; Intel Mac OS X 10_15_7) AppleWebKit/537.36 (KHTML, like Gecko) Chrome/149.0.0.0 Safari/537.36'),
('258', '1', 'upload_main_image', 'products', 'Upload main image produk: Mikrotik RB951Ui-2nD', '140.213.118.32', 'Mozilla/5.0 (Macintosh; Intel Mac OS X 10_15_7) AppleWebKit/537.36 (KHTML, like Gecko) Chrome/149.0.0.0 Safari/537.36'),
('259', '1', 'update', 'products', 'Mengubah produk: Mikrotik RB951Ui-2nD', '140.213.118.32', 'Mozilla/5.0 (Macintosh; Intel Mac OS X 10_15_7) AppleWebKit/537.36 (KHTML, like Gecko) Chrome/149.0.0.0 Safari/537.36'),
('260', '1', 'upload_main_image', 'products', 'Upload main image produk: Ubiquiti U7-Lite', '140.213.118.32', 'Mozilla/5.0 (Macintosh; Intel Mac OS X 10_15_7) AppleWebKit/537.36 (KHTML, like Gecko) Chrome/149.0.0.0 Safari/537.36'),
('261', '1', 'update', 'products', 'Mengubah produk: Ubiquiti U7-Lite', '140.213.118.32', 'Mozilla/5.0 (Macintosh; Intel Mac OS X 10_15_7) AppleWebKit/537.36 (KHTML, like Gecko) Chrome/149.0.0.0 Safari/537.36'),
('262', '1', 'upload_main_image', 'products', 'Upload main image produk: Ubiquiti U7-LR', '140.213.118.32', 'Mozilla/5.0 (Macintosh; Intel Mac OS X 10_15_7) AppleWebKit/537.36 (KHTML, like Gecko) Chrome/149.0.0.0 Safari/537.36'),
('263', '1', 'update', 'products', 'Mengubah produk: Ubiquiti U7-LR', '140.213.118.32', 'Mozilla/5.0 (Macintosh; Intel Mac OS X 10_15_7) AppleWebKit/537.36 (KHTML, like Gecko) Chrome/149.0.0.0 Safari/537.36'),
('264', '1', 'upload_main_image', 'products', 'Upload main image produk: Ubiquiti U7-Pro', '140.213.118.32', 'Mozilla/5.0 (Macintosh; Intel Mac OS X 10_15_7) AppleWebKit/537.36 (KHTML, like Gecko) Chrome/149.0.0.0 Safari/537.36'),
('265', '1', 'update', 'products', 'Mengubah produk: Ubiquiti U7-Pro', '140.213.118.32', 'Mozilla/5.0 (Macintosh; Intel Mac OS X 10_15_7) AppleWebKit/537.36 (KHTML, like Gecko) Chrome/149.0.0.0 Safari/537.36'),
('266', '1', 'upload_main_image', 'products', 'Upload main image produk: Ubiquiti U7-Pro-Max', '140.213.118.32', 'Mozilla/5.0 (Macintosh; Intel Mac OS X 10_15_7) AppleWebKit/537.36 (KHTML, like Gecko) Chrome/149.0.0.0 Safari/537.36'),
('267', '1', 'update', 'products', 'Mengubah produk: Ubiquiti U7-Pro-Max', '140.213.118.32', 'Mozilla/5.0 (Macintosh; Intel Mac OS X 10_15_7) AppleWebKit/537.36 (KHTML, like Gecko) Chrome/149.0.0.0 Safari/537.36'),
('268', '1', 'upload_main_image', 'products', 'Upload main image produk: Ubiquiti U7-Outdoor', '140.213.118.32', 'Mozilla/5.0 (Macintosh; Intel Mac OS X 10_15_7) AppleWebKit/537.36 (KHTML, like Gecko) Chrome/149.0.0.0 Safari/537.36'),
('269', '1', 'update', 'products', 'Mengubah produk: Ubiquiti U7-Outdoor', '140.213.118.32', 'Mozilla/5.0 (Macintosh; Intel Mac OS X 10_15_7) AppleWebKit/537.36 (KHTML, like Gecko) Chrome/149.0.0.0 Safari/537.36'),
('270', '1', 'upload_main_image', 'products', 'Upload main image produk: Ubiquiti U7-Pro-XG', '140.213.118.32', 'Mozilla/5.0 (Macintosh; Intel Mac OS X 10_15_7) AppleWebKit/537.36 (KHTML, like Gecko) Chrome/149.0.0.0 Safari/537.36'),
('271', '1', 'update', 'products', 'Mengubah produk: Ubiquiti U7-Pro-XG', '140.213.118.32', 'Mozilla/5.0 (Macintosh; Intel Mac OS X 10_15_7) AppleWebKit/537.36 (KHTML, like Gecko) Chrome/149.0.0.0 Safari/537.36'),
('272', '1', 'upload_main_image', 'products', 'Upload main image produk: Ubiquiti U6-Enterprise', '140.213.118.32', 'Mozilla/5.0 (Macintosh; Intel Mac OS X 10_15_7) AppleWebKit/537.36 (KHTML, like Gecko) Chrome/149.0.0.0 Safari/537.36'),
('273', '1', 'update', 'products', 'Mengubah produk: Ubiquiti U6-Enterprise', '140.213.118.32', 'Mozilla/5.0 (Macintosh; Intel Mac OS X 10_15_7) AppleWebKit/537.36 (KHTML, like Gecko) Chrome/149.0.0.0 Safari/537.36'),
('274', '1', 'upload_main_image', 'products', 'Upload main image produk: Ubiquiti U6+', '140.213.118.32', 'Mozilla/5.0 (Macintosh; Intel Mac OS X 10_15_7) AppleWebKit/537.36 (KHTML, like Gecko) Chrome/149.0.0.0 Safari/537.36'),
('275', '1', 'update', 'products', 'Mengubah produk: Ubiquiti U6+', '140.213.118.32', 'Mozilla/5.0 (Macintosh; Intel Mac OS X 10_15_7) AppleWebKit/537.36 (KHTML, like Gecko) Chrome/149.0.0.0 Safari/537.36'),
('276', '1', 'upload_main_image', 'products', 'Upload main image produk: Ubiquiti E7', '140.213.118.32', 'Mozilla/5.0 (Macintosh; Intel Mac OS X 10_15_7) AppleWebKit/537.36 (KHTML, like Gecko) Chrome/149.0.0.0 Safari/537.36'),
('277', '1', 'update', 'products', 'Mengubah produk: Ubiquiti E7', '140.213.118.32', 'Mozilla/5.0 (Macintosh; Intel Mac OS X 10_15_7) AppleWebKit/537.36 (KHTML, like Gecko) Chrome/149.0.0.0 Safari/537.36'),
('278', '1', 'upload_main_image', 'products', 'Upload main image produk: Ubiquiti EFG', '140.213.118.32', 'Mozilla/5.0 (Macintosh; Intel Mac OS X 10_15_7) AppleWebKit/537.36 (KHTML, like Gecko) Chrome/149.0.0.0 Safari/537.36'),
('279', '1', 'update', 'products', 'Mengubah produk: Ubiquiti EFG', '140.213.118.32', 'Mozilla/5.0 (Macintosh; Intel Mac OS X 10_15_7) AppleWebKit/537.36 (KHTML, like Gecko) Chrome/149.0.0.0 Safari/537.36'),
('280', '1', 'upload_main_image', 'products', 'Upload main image produk: Ubiquiti UCG-Ultra-EU', '140.213.118.32', 'Mozilla/5.0 (Macintosh; Intel Mac OS X 10_15_7) AppleWebKit/537.36 (KHTML, like Gecko) Chrome/149.0.0.0 Safari/537.36'),
('281', '1', 'update', 'products', 'Mengubah produk: Ubiquiti UCG-Ultra-EU', '140.213.118.32', 'Mozilla/5.0 (Macintosh; Intel Mac OS X 10_15_7) AppleWebKit/537.36 (KHTML, like Gecko) Chrome/149.0.0.0 Safari/537.36'),
('282', '1', 'upload_main_image', 'products', 'Upload main image produk: Ubiquiti UCG-Max-EU', '140.213.118.32', 'Mozilla/5.0 (Macintosh; Intel Mac OS X 10_15_7) AppleWebKit/537.36 (KHTML, like Gecko) Chrome/149.0.0.0 Safari/537.36'),
('283', '1', 'update', 'products', 'Mengubah produk: Ubiquiti UCG-Max-EU', '140.213.118.32', 'Mozilla/5.0 (Macintosh; Intel Mac OS X 10_15_7) AppleWebKit/537.36 (KHTML, like Gecko) Chrome/149.0.0.0 Safari/537.36'),
('284', '1', 'upload_main_image', 'products', 'Upload main image produk: Ubiquiti UCG-Fiber-EU', '140.213.118.32', 'Mozilla/5.0 (Macintosh; Intel Mac OS X 10_15_7) AppleWebKit/537.36 (KHTML, like Gecko) Chrome/149.0.0.0 Safari/537.36'),
('285', '1', 'update', 'products', 'Mengubah produk: Ubiquiti UCG-Fiber-EU', '140.213.118.32', 'Mozilla/5.0 (Macintosh; Intel Mac OS X 10_15_7) AppleWebKit/537.36 (KHTML, like Gecko) Chrome/149.0.0.0 Safari/537.36'),
('286', '1', 'upload_main_image', 'products', 'Upload main image produk: Ubiquiti UDM-Pro-EU', '140.213.118.32', 'Mozilla/5.0 (Macintosh; Intel Mac OS X 10_15_7) AppleWebKit/537.36 (KHTML, like Gecko) Chrome/149.0.0.0 Safari/537.36'),
('287', '1', 'update', 'products', 'Mengubah produk: Ubiquiti UDM-Pro-EU', '140.213.118.32', 'Mozilla/5.0 (Macintosh; Intel Mac OS X 10_15_7) AppleWebKit/537.36 (KHTML, like Gecko) Chrome/149.0.0.0 Safari/537.36'),
('288', '1', 'upload_main_image', 'products', 'Upload main image produk: Ubiquiti UDM-Pro-Max-EU', '140.213.118.32', 'Mozilla/5.0 (Macintosh; Intel Mac OS X 10_15_7) AppleWebKit/537.36 (KHTML, like Gecko) Chrome/149.0.0.0 Safari/537.36'),
('289', '1', 'update', 'products', 'Mengubah produk: Ubiquiti UDM-Pro-Max-EU', '140.213.118.32', 'Mozilla/5.0 (Macintosh; Intel Mac OS X 10_15_7) AppleWebKit/537.36 (KHTML, like Gecko) Chrome/149.0.0.0 Safari/537.36'),
('290', '1', 'upload_main_image', 'products', 'Upload main image produk: Ubiquiti UDM-SE', '140.213.118.32', 'Mozilla/5.0 (Macintosh; Intel Mac OS X 10_15_7) AppleWebKit/537.36 (KHTML, like Gecko) Chrome/149.0.0.0 Safari/537.36'),
('291', '1', 'update', 'products', 'Mengubah produk: Ubiquiti UDM-SE', '140.213.118.32', 'Mozilla/5.0 (Macintosh; Intel Mac OS X 10_15_7) AppleWebKit/537.36 (KHTML, like Gecko) Chrome/149.0.0.0 Safari/537.36'),
('292', '1', 'upload_main_image', 'products', 'Upload main image produk: Ubiquiti UDR7-EU', '140.213.118.32', 'Mozilla/5.0 (Macintosh; Intel Mac OS X 10_15_7) AppleWebKit/537.36 (KHTML, like Gecko) Chrome/149.0.0.0 Safari/537.36'),
('293', '1', 'update', 'products', 'Mengubah produk: Ubiquiti UDR7-EU', '140.213.118.32', 'Mozilla/5.0 (Macintosh; Intel Mac OS X 10_15_7) AppleWebKit/537.36 (KHTML, like Gecko) Chrome/149.0.0.0 Safari/537.36'),
('294', '1', 'upload_main_image', 'products', 'Upload main image produk: Ubiquiti USW-Lite-8-POE-EU', '140.213.118.32', 'Mozilla/5.0 (Macintosh; Intel Mac OS X 10_15_7) AppleWebKit/537.36 (KHTML, like Gecko) Chrome/149.0.0.0 Safari/537.36'),
('295', '1', 'update', 'products', 'Mengubah produk: Ubiquiti USW-Lite-8-POE-EU', '140.213.118.32', 'Mozilla/5.0 (Macintosh; Intel Mac OS X 10_15_7) AppleWebKit/537.36 (KHTML, like Gecko) Chrome/149.0.0.0 Safari/537.36'),
('296', '1', 'upload_main_image', 'products', 'Upload main image produk: Ubiquiti USW-Pro-8-PoE-EU', '140.213.118.32', 'Mozilla/5.0 (Macintosh; Intel Mac OS X 10_15_7) AppleWebKit/537.36 (KHTML, like Gecko) Chrome/149.0.0.0 Safari/537.36'),
('297', '1', 'update', 'products', 'Mengubah produk: Ubiquiti USW-Pro-8-PoE-EU', '140.213.118.32', 'Mozilla/5.0 (Macintosh; Intel Mac OS X 10_15_7) AppleWebKit/537.36 (KHTML, like Gecko) Chrome/149.0.0.0 Safari/537.36'),
('298', '1', 'upload_main_image', 'products', 'Upload main image produk: Ubiquiti USW-16-POE', '140.213.118.32', 'Mozilla/5.0 (Macintosh; Intel Mac OS X 10_15_7) AppleWebKit/537.36 (KHTML, like Gecko) Chrome/149.0.0.0 Safari/537.36'),
('299', '1', 'update', 'products', 'Mengubah produk: Ubiquiti USW-16-POE', '140.213.118.32', 'Mozilla/5.0 (Macintosh; Intel Mac OS X 10_15_7) AppleWebKit/537.36 (KHTML, like Gecko) Chrome/149.0.0.0 Safari/537.36'),
('300', '1', 'upload_main_image', 'products', 'Upload main image produk: Ubiquiti USW-Pro-24-POE-EU', '140.213.118.32', 'Mozilla/5.0 (Macintosh; Intel Mac OS X 10_15_7) AppleWebKit/537.36 (KHTML, like Gecko) Chrome/149.0.0.0 Safari/537.36');
INSERT INTO `activity_logs` (`id`, `user_id`, `action`, `module`, `description`, `ip_address`, `user_agent`) VALUES
('301', '1', 'update', 'products', 'Mengubah produk: Ubiquiti USW-Pro-24-POE-EU', '140.213.118.32', 'Mozilla/5.0 (Macintosh; Intel Mac OS X 10_15_7) AppleWebKit/537.36 (KHTML, like Gecko) Chrome/149.0.0.0 Safari/537.36'),
('302', '1', 'upload_main_image', 'products', 'Upload main image produk: Ubiquiti USW-AGGREGATION-EU', '140.213.118.32', 'Mozilla/5.0 (Macintosh; Intel Mac OS X 10_15_7) AppleWebKit/537.36 (KHTML, like Gecko) Chrome/149.0.0.0 Safari/537.36'),
('303', '1', 'update', 'products', 'Mengubah produk: Ubiquiti USW-AGGREGATION-EU', '140.213.118.32', 'Mozilla/5.0 (Macintosh; Intel Mac OS X 10_15_7) AppleWebKit/537.36 (KHTML, like Gecko) Chrome/149.0.0.0 Safari/537.36'),
('304', '1', 'upload_main_image', 'products', 'Upload main image produk: Ubiquiti USW-Pro-Aggregation', '140.213.118.32', 'Mozilla/5.0 (Macintosh; Intel Mac OS X 10_15_7) AppleWebKit/537.36 (KHTML, like Gecko) Chrome/149.0.0.0 Safari/537.36'),
('305', '1', 'update', 'products', 'Mengubah produk: Ubiquiti USW-Pro-Aggregation', '140.213.118.32', 'Mozilla/5.0 (Macintosh; Intel Mac OS X 10_15_7) AppleWebKit/537.36 (KHTML, like Gecko) Chrome/149.0.0.0 Safari/537.36'),
('306', '1', 'upload_main_image', 'products', 'Upload main image produk: Ubiquiti USW-Pro-48-POE-EU', '140.213.118.32', 'Mozilla/5.0 (Macintosh; Intel Mac OS X 10_15_7) AppleWebKit/537.36 (KHTML, like Gecko) Chrome/149.0.0.0 Safari/537.36'),
('307', '1', 'update', 'products', 'Mengubah produk: Ubiquiti USW-Pro-48-POE-EU', '140.213.118.32', 'Mozilla/5.0 (Macintosh; Intel Mac OS X 10_15_7) AppleWebKit/537.36 (KHTML, like Gecko) Chrome/149.0.0.0 Safari/537.36'),
('308', '1', 'upload_main_image', 'products', 'Upload main image produk: Ubiquiti USW-Pro-Max-16-PoE-EU', '140.213.118.32', 'Mozilla/5.0 (Macintosh; Intel Mac OS X 10_15_7) AppleWebKit/537.36 (KHTML, like Gecko) Chrome/149.0.0.0 Safari/537.36'),
('309', '1', 'update', 'products', 'Mengubah produk: Ubiquiti USW-Pro-Max-16-PoE-EU', '140.213.118.32', 'Mozilla/5.0 (Macintosh; Intel Mac OS X 10_15_7) AppleWebKit/537.36 (KHTML, like Gecko) Chrome/149.0.0.0 Safari/537.36'),
('310', '1', 'upload_main_image', 'products', 'Upload main image produk: Ubiquiti USW-Pro-Max-24-PoE-EU', '140.213.118.32', 'Mozilla/5.0 (Macintosh; Intel Mac OS X 10_15_7) AppleWebKit/537.36 (KHTML, like Gecko) Chrome/149.0.0.0 Safari/537.36'),
('311', '1', 'update', 'products', 'Mengubah produk: Ubiquiti USW-Pro-Max-24-PoE-EU', '140.213.118.32', 'Mozilla/5.0 (Macintosh; Intel Mac OS X 10_15_7) AppleWebKit/537.36 (KHTML, like Gecko) Chrome/149.0.0.0 Safari/537.36'),
('312', '1', 'upload_main_image', 'products', 'Upload main image produk: Ubiquiti USW-Pro-Max-48-PoE-EU', '140.213.118.32', 'Mozilla/5.0 (Macintosh; Intel Mac OS X 10_15_7) AppleWebKit/537.36 (KHTML, like Gecko) Chrome/149.0.0.0 Safari/537.36'),
('313', '1', 'update', 'products', 'Mengubah produk: Ubiquiti USW-Pro-Max-48-PoE-EU', '140.213.118.32', 'Mozilla/5.0 (Macintosh; Intel Mac OS X 10_15_7) AppleWebKit/537.36 (KHTML, like Gecko) Chrome/149.0.0.0 Safari/537.36'),
('314', '1', 'upload_main_image', 'products', 'Upload main image produk: Ubiquiti USW-Ultra-210W-EU', '140.213.118.32', 'Mozilla/5.0 (Macintosh; Intel Mac OS X 10_15_7) AppleWebKit/537.36 (KHTML, like Gecko) Chrome/149.0.0.0 Safari/537.36'),
('315', '1', 'update', 'products', 'Mengubah produk: Ubiquiti USW-Ultra-210W-EU', '140.213.118.32', 'Mozilla/5.0 (Macintosh; Intel Mac OS X 10_15_7) AppleWebKit/537.36 (KHTML, like Gecko) Chrome/149.0.0.0 Safari/537.36'),
('316', '1', 'update', 'products', 'Mengubah produk: Mikrotik CCR2004-16G-2S+', '140.213.118.32', 'Mozilla/5.0 (Macintosh; Intel Mac OS X 10_15_7) AppleWebKit/537.36 (KHTML, like Gecko) Chrome/149.0.0.0 Safari/537.36'),
('317', '1', 'update', 'products', 'Mengubah produk: Mikrotik CCR2216-1G-12XS-2XQ', '140.213.118.32', 'Mozilla/5.0 (Macintosh; Intel Mac OS X 10_15_7) AppleWebKit/537.36 (KHTML, like Gecko) Chrome/149.0.0.0 Safari/537.36'),
('318', '1', 'update', 'products', 'Mengubah produk: Ubiquiti U6+', '140.213.118.32', 'Mozilla/5.0 (Macintosh; Intel Mac OS X 10_15_7) AppleWebKit/537.36 (KHTML, like Gecko) Chrome/149.0.0.0 Safari/537.36'),
('319', '1', 'update', 'products', 'Mengubah produk: Ubiquiti U7-Pro-XGS', '140.213.118.32', 'Mozilla/5.0 (Macintosh; Intel Mac OS X 10_15_7) AppleWebKit/537.36 (KHTML, like Gecko) Chrome/149.0.0.0 Safari/537.36'),
('320', '1', 'update', 'products', 'Mengubah produk: Ubiquiti U7-Outdoor', '140.213.118.32', 'Mozilla/5.0 (Macintosh; Intel Mac OS X 10_15_7) AppleWebKit/537.36 (KHTML, like Gecko) Chrome/149.0.0.0 Safari/537.36'),
('321', '1', 'update', 'products', 'Mengubah produk: Mikrotik RB941-2nD (hAP lite)', '140.213.118.32', 'Mozilla/5.0 (Macintosh; Intel Mac OS X 10_15_7) AppleWebKit/537.36 (KHTML, like Gecko) Chrome/149.0.0.0 Safari/537.36'),
('322', '1', 'update', 'products', 'Mengubah produk: Mikrotik RB750r2', '140.213.118.32', 'Mozilla/5.0 (Macintosh; Intel Mac OS X 10_15_7) AppleWebKit/537.36 (KHTML, like Gecko) Chrome/149.0.0.0 Safari/537.36'),
('323', '1', 'update', 'products', 'Mengubah produk: Mikrotik E50UG', '140.213.118.32', 'Mozilla/5.0 (Macintosh; Intel Mac OS X 10_15_7) AppleWebKit/537.36 (KHTML, like Gecko) Chrome/149.0.0.0 Safari/537.36'),
('324', '1', 'update', 'products', 'Mengubah status best seller produk ID: 102', '140.213.118.32', 'Mozilla/5.0 (Macintosh; Intel Mac OS X 10_15_7) AppleWebKit/537.36 (KHTML, like Gecko) Chrome/149.0.0.0 Safari/537.36'),
('325', '1', 'update', 'products', 'Mengubah status best seller produk ID: 99', '140.213.118.32', 'Mozilla/5.0 (Macintosh; Intel Mac OS X 10_15_7) AppleWebKit/537.36 (KHTML, like Gecko) Chrome/149.0.0.0 Safari/537.36'),
('326', '1', 'update', 'products', 'Mengubah status best seller produk ID: 86', '140.213.118.32', 'Mozilla/5.0 (Macintosh; Intel Mac OS X 10_15_7) AppleWebKit/537.36 (KHTML, like Gecko) Chrome/149.0.0.0 Safari/537.36'),
('327', '1', 'update', 'products', 'Mengubah status best seller produk ID: 61', '140.213.118.32', 'Mozilla/5.0 (Macintosh; Intel Mac OS X 10_15_7) AppleWebKit/537.36 (KHTML, like Gecko) Chrome/149.0.0.0 Safari/537.36'),
('328', '1', 'update', 'products', 'Mengubah status best seller produk ID: 76', '140.213.118.32', 'Mozilla/5.0 (Macintosh; Intel Mac OS X 10_15_7) AppleWebKit/537.36 (KHTML, like Gecko) Chrome/149.0.0.0 Safari/537.36'),
('329', '1', 'update', 'products', 'Mengubah status best seller produk ID: 67', '140.213.118.32', 'Mozilla/5.0 (Macintosh; Intel Mac OS X 10_15_7) AppleWebKit/537.36 (KHTML, like Gecko) Chrome/149.0.0.0 Safari/537.36'),
('330', '1', 'upload_main_image', 'products', 'Upload main image produk: Vol.Tech VT-601', '140.213.118.32', 'Mozilla/5.0 (Macintosh; Intel Mac OS X 10_15_7) AppleWebKit/537.36 (KHTML, like Gecko) Chrome/149.0.0.0 Safari/537.36'),
('331', '1', 'update', 'products', 'Mengubah produk: Vol.Tech VT-601', '140.213.118.32', 'Mozilla/5.0 (Macintosh; Intel Mac OS X 10_15_7) AppleWebKit/537.36 (KHTML, like Gecko) Chrome/149.0.0.0 Safari/537.36'),
('332', '1', 'upload_main_image', 'products', 'Upload main image produk: Vol.Tech VT-861', '140.213.118.32', 'Mozilla/5.0 (Macintosh; Intel Mac OS X 10_15_7) AppleWebKit/537.36 (KHTML, like Gecko) Chrome/149.0.0.0 Safari/537.36'),
('333', '1', 'update', 'products', 'Mengubah produk: Vol.Tech VT-861', '140.213.118.32', 'Mozilla/5.0 (Macintosh; Intel Mac OS X 10_15_7) AppleWebKit/537.36 (KHTML, like Gecko) Chrome/149.0.0.0 Safari/537.36'),
('334', '1', 'update', 'products', 'Mengubah produk: Vol.Tech VT-861', '140.213.118.32', 'Mozilla/5.0 (Macintosh; Intel Mac OS X 10_15_7) AppleWebKit/537.36 (KHTML, like Gecko) Chrome/149.0.0.0 Safari/537.36'),
('335', '1', 'update', 'products', 'Mengubah status best seller produk ID: 73', '140.213.118.32', 'Mozilla/5.0 (Macintosh; Intel Mac OS X 10_15_7) AppleWebKit/537.36 (KHTML, like Gecko) Chrome/149.0.0.0 Safari/537.36'),
('336', '1', 'update', 'products', 'Mengubah produk: Mikrotik E50UG', '140.213.118.32', 'Mozilla/5.0 (Macintosh; Intel Mac OS X 10_15_7) AppleWebKit/537.36 (KHTML, like Gecko) Chrome/149.0.0.0 Safari/537.36'),
('337', '1', 'update', 'products', 'Mengubah produk: Mikrotik E50UG', '140.213.118.32', 'Mozilla/5.0 (Macintosh; Intel Mac OS X 10_15_7) AppleWebKit/537.36 (KHTML, like Gecko) Chrome/149.0.0.0 Safari/537.36'),
('338', '1', 'update', 'products', 'Mengubah produk: Mikrotik RB750Gr3', '140.213.118.32', 'Mozilla/5.0 (Macintosh; Intel Mac OS X 10_15_7) AppleWebKit/537.36 (KHTML, like Gecko) Chrome/149.0.0.0 Safari/537.36'),
('339', '1', 'update', 'products', 'Mengubah produk: Mikrotik RB951Ui-2nD', '140.213.118.32', 'Mozilla/5.0 (Macintosh; Intel Mac OS X 10_15_7) AppleWebKit/537.36 (KHTML, like Gecko) Chrome/149.0.0.0 Safari/537.36'),
('340', '1', 'update', 'products', 'Mengubah produk: Mikrotik CSS326-24G-2S+RM', '140.213.118.32', 'Mozilla/5.0 (Macintosh; Intel Mac OS X 10_15_7) AppleWebKit/537.36 (KHTML, like Gecko) Chrome/149.0.0.0 Safari/537.36'),
('341', '1', 'update', 'products', 'Mengubah produk: Mikrotik CCR2216-1G-12XS-2XQ', '140.213.118.32', 'Mozilla/5.0 (Macintosh; Intel Mac OS X 10_15_7) AppleWebKit/537.36 (KHTML, like Gecko) Chrome/149.0.0.0 Safari/537.36'),
('342', '1', 'update', 'products', 'Mengubah produk: Mikrotik CRS310-1G-5S-4S+IN', '140.213.118.32', 'Mozilla/5.0 (Macintosh; Intel Mac OS X 10_15_7) AppleWebKit/537.36 (KHTML, like Gecko) Chrome/149.0.0.0 Safari/537.36'),
('343', '1', 'update', 'products', 'Mengubah produk: Mikrotik RB5009UG+S+IN', '140.213.118.32', 'Mozilla/5.0 (Macintosh; Intel Mac OS X 10_15_7) AppleWebKit/537.36 (KHTML, like Gecko) Chrome/149.0.0.0 Safari/537.36'),
('344', '1', 'update', 'products', 'Mengubah produk: Mikrotik RB1100x4', '140.213.118.32', 'Mozilla/5.0 (Macintosh; Intel Mac OS X 10_15_7) AppleWebKit/537.36 (KHTML, like Gecko) Chrome/149.0.0.0 Safari/537.36'),
('345', '1', 'login', 'auth', 'User login berhasil.', '110.232.65.226', 'Mozilla/5.0 (Macintosh; Intel Mac OS X 10_15_7) AppleWebKit/537.36 (KHTML, like Gecko) Chrome/149.0.0.0 Safari/537.36'),
('346', '1', 'login', 'auth', 'User login berhasil.', '202.148.7.34', 'Mozilla/5.0 (Windows NT 10.0; Win64; x64) AppleWebKit/537.36 (KHTML, like Gecko) Chrome/150.0.0.0 Safari/537.36'),
('347', '1', 'login', 'auth', 'User login berhasil.', '202.148.7.34', 'Mozilla/5.0 (Windows NT 10.0; Win64; x64) AppleWebKit/537.36 (KHTML, like Gecko) Chrome/150.0.0.0 Safari/537.36'),
('348', '1', 'login', 'auth', 'User login berhasil.', '110.232.65.226', 'Mozilla/5.0 (Macintosh; Intel Mac OS X 10_15_7) AppleWebKit/537.36 (KHTML, like Gecko) Chrome/149.0.0.0 Safari/537.36'),
('349', '1', 'update', 'contents', 'Mengubah content: Kontak - Pembelian Produk', '110.232.65.226', 'Mozilla/5.0 (Macintosh; Intel Mac OS X 10_15_7) AppleWebKit/537.36 (KHTML, like Gecko) Chrome/149.0.0.0 Safari/537.36'),
('350', '1', 'login', 'auth', 'User login berhasil.', '202.148.7.34', 'Mozilla/5.0 (Windows NT 10.0; Win64; x64) AppleWebKit/537.36 (KHTML, like Gecko) Chrome/150.0.0.0 Safari/537.36'),
('351', '1', 'login', 'auth', 'User login berhasil.', '157.85.220.46', 'Mozilla/5.0 (Macintosh; Intel Mac OS X 10_15_7) AppleWebKit/537.36 (KHTML, like Gecko) Chrome/149.0.0.0 Safari/537.36'),
('352', '1', 'upgrade', 'database-backup', 'Menjalankan upgrade_backup_restore_permission.sql melalui dashboard; baris baru: 1', '157.85.220.46', 'Mozilla/5.0 (Macintosh; Intel Mac OS X 10_15_7) AppleWebKit/537.36 (KHTML, like Gecko) Chrome/149.0.0.0 Safari/537.36'),
('353', '1', 'backup', 'database-backup', 'Membuat backup database: teakwave-db-20260716-175105-f906fd.sql', '157.85.220.46', 'Mozilla/5.0 (Macintosh; Intel Mac OS X 10_15_7) AppleWebKit/537.36 (KHTML, like Gecko) Chrome/149.0.0.0 Safari/537.36'),
('354', '1', 'backup', 'database-backup', 'Membuat backup database: teakwave-db-20260716-180118-2b1301.sql', '157.85.220.46', 'Mozilla/5.0 (Macintosh; Intel Mac OS X 10_15_7) AppleWebKit/537.36 (KHTML, like Gecko) Chrome/149.0.0.0 Safari/537.36'),
('355', '1', 'update', 'website-settings', 'Mengubah konfigurasi website front.', '157.85.220.46', 'Mozilla/5.0 (Macintosh; Intel Mac OS X 10_15_7) AppleWebKit/537.36 (KHTML, like Gecko) Chrome/149.0.0.0 Safari/537.36'),
('356', '1', 'update', 'website-settings', 'Mengubah konfigurasi website front.', '157.85.220.46', 'Mozilla/5.0 (Macintosh; Intel Mac OS X 10_15_7) AppleWebKit/537.36 (KHTML, like Gecko) Chrome/149.0.0.0 Safari/537.36'),
('357', '1', 'login', 'auth', 'User login berhasil.', '157.85.220.46', 'Mozilla/5.0 (Macintosh; Intel Mac OS X 10_15_7) AppleWebKit/537.36 (KHTML, like Gecko) Chrome/150.0.0.0 Safari/537.36'),
('358', '1', 'restore', 'database-backup', 'Restore database dari backup tersimpan teakwave-db-20260718-164600-bda56b.sql; safety backup: before-restore-20260718-164615-3503d7.sql; statements: 44', '127.0.0.1', 'Mozilla/5.0 (Macintosh; Intel Mac OS X 10_15_7) AppleWebKit/537.36 (KHTML, like Gecko) Chrome/150.0.0.0 Safari/537.36'),
('359', '1', 'delete', 'database-backup', 'Menghapus backup database: before-restore-20260718-164615-3503d7.sql', '127.0.0.1', 'Mozilla/5.0 (Macintosh; Intel Mac OS X 10_15_7) AppleWebKit/537.36 (KHTML, like Gecko) Chrome/150.0.0.0 Safari/537.36'),
('360', '1', 'delete', 'database-backup', 'Menghapus backup database: teakwave-db-20260718-164600-bda56b.sql', '127.0.0.1', 'Mozilla/5.0 (Macintosh; Intel Mac OS X 10_15_7) AppleWebKit/537.36 (KHTML, like Gecko) Chrome/150.0.0.0 Safari/537.36');

-- --------------------------------------------------------
-- Table structure for `banners`
DROP TABLE IF EXISTS `banners`;
CREATE TABLE `banners` (
  `id` int NOT NULL AUTO_INCREMENT,
  `title` varchar(200) CHARACTER SET utf8mb4 COLLATE utf8mb4_general_ci NOT NULL,
  `image` varchar(255) CHARACTER SET utf8mb4 COLLATE utf8mb4_general_ci DEFAULT NULL,
  `link_url` varchar(255) CHARACTER SET utf8mb4 COLLATE utf8mb4_general_ci DEFAULT NULL,
  `placement` varchar(100) CHARACTER SET utf8mb4 COLLATE utf8mb4_general_ci DEFAULT 'homepage',
  `status` enum('active','inactive') CHARACTER SET utf8mb4 COLLATE utf8mb4_general_ci DEFAULT 'active',
  `start_date` date DEFAULT NULL,
  `end_date` date DEFAULT NULL,
  `created_at` timestamp NOT NULL DEFAULT CURRENT_TIMESTAMP,
  PRIMARY KEY (`id`)
) ENGINE=InnoDB AUTO_INCREMENT=8 DEFAULT CHARSET=utf8mb4 COLLATE=utf8mb4_general_ci;

INSERT INTO `banners` (`id`, `title`, `image`, `link_url`, `placement`, `status`, `start_date`, `end_date`) VALUES
('1', 'Homepage Banner 1', '../assets/img/banner-home-1.png', '', 'homepage', 'active', NULL, NULL),
('2', 'Homepage Banner 2', '../assets/img/banner-home-2.png', '', 'homepage', 'active', NULL, NULL),
('3', 'Homepage Banner 3', '../assets/img/banner-home-3.png', '', 'homepage', 'active', NULL, NULL),
('4', 'Profile Header Banner', '../assets/img/banner-profil.png', '', 'profile', 'active', NULL, NULL),
('5', 'Product Header Banner', '../assets/img/banner-profil.png', '', 'product', 'active', NULL, NULL),
('6', 'Contact Header Banner', '../assets/img/banner-kontak.png', '', 'contact', 'active', NULL, NULL);

-- --------------------------------------------------------
-- Table structure for `brands`
DROP TABLE IF EXISTS `brands`;
CREATE TABLE `brands` (
  `id` int NOT NULL AUTO_INCREMENT,
  `name` varchar(150) CHARACTER SET utf8mb4 COLLATE utf8mb4_general_ci NOT NULL,
  `slug` varchar(170) CHARACTER SET utf8mb4 COLLATE utf8mb4_general_ci NOT NULL,
  `logo` varchar(255) CHARACTER SET utf8mb4 COLLATE utf8mb4_general_ci DEFAULT NULL,
  `description` text CHARACTER SET utf8mb4 COLLATE utf8mb4_general_ci,
  `status` enum('active','inactive') CHARACTER SET utf8mb4 COLLATE utf8mb4_general_ci DEFAULT 'active',
  `created_at` timestamp NOT NULL DEFAULT CURRENT_TIMESTAMP,
  PRIMARY KEY (`id`),
  UNIQUE KEY `slug` (`slug`)
) ENGINE=InnoDB AUTO_INCREMENT=5 DEFAULT CHARSET=utf8mb4 COLLATE=utf8mb4_general_ci;

INSERT INTO `brands` (`id`, `name`, `slug`, `logo`, `description`, `status`) VALUES
('1', 'Ubiquiti', 'ubiquiti', NULL, '', 'active'),
('2', 'V-SOL', 'v-sol', NULL, '', 'active'),
('3', 'Mikrotik', 'mikrotik', NULL, '', 'active'),
('4', 'VOL.TECH', 'vol-tech', NULL, '', 'active');

-- --------------------------------------------------------
-- Table structure for `categories`
DROP TABLE IF EXISTS `categories`;
CREATE TABLE `categories` (
  `id` int NOT NULL AUTO_INCREMENT,
  `name` varchar(150) CHARACTER SET utf8mb4 COLLATE utf8mb4_general_ci NOT NULL,
  `slug` varchar(170) CHARACTER SET utf8mb4 COLLATE utf8mb4_general_ci NOT NULL,
  `description` text CHARACTER SET utf8mb4 COLLATE utf8mb4_general_ci,
  `status` enum('active','inactive') CHARACTER SET utf8mb4 COLLATE utf8mb4_general_ci DEFAULT 'active',
  `created_at` timestamp NOT NULL DEFAULT CURRENT_TIMESTAMP,
  PRIMARY KEY (`id`),
  UNIQUE KEY `slug` (`slug`)
) ENGINE=InnoDB AUTO_INCREMENT=13 DEFAULT CHARSET=utf8mb4 COLLATE=utf8mb4_general_ci;

INSERT INTO `categories` (`id`, `name`, `slug`, `description`, `status`) VALUES
('1', 'Access Point', 'access-point', '', 'active'),
('2', 'CCTV', 'cctv', '', 'active'),
('3', 'Fiber Accessories', 'fiber-accessories', '', 'active'),
('4', 'Media Converter', 'media-converter', '', 'active'),
('5', 'OLT', 'olt', '', 'active'),
('6', 'ONU / ONT', 'onu-ont', '', 'active'),
('7', 'Perangkat Jaringan', 'perangkat-jaringan', '', 'active'),
('8', 'Rack Accessories', 'rack-accessories', '', 'active'),
('9', 'Router / Gateway', 'router-gateway', '', 'active'),
('10', 'SFP Module', 'sfp-module', '', 'active'),
('11', 'Switch', 'switch', '', 'active'),
('12', 'Wireless Outdoor', 'wireless-outdoor', '', 'active');

-- --------------------------------------------------------
-- Table structure for `content_images`
DROP TABLE IF EXISTS `content_images`;
CREATE TABLE `content_images` (
  `id` int NOT NULL AUTO_INCREMENT,
  `content_id` int NOT NULL,
  `image_path` varchar(255) CHARACTER SET utf8mb4 COLLATE utf8mb4_general_ci NOT NULL,
  `sort_order` int DEFAULT '0',
  `created_at` timestamp NOT NULL DEFAULT CURRENT_TIMESTAMP,
  PRIMARY KEY (`id`),
  KEY `content_id` (`content_id`),
  CONSTRAINT `content_images_ibfk_1` FOREIGN KEY (`content_id`) REFERENCES `contents` (`id`) ON DELETE CASCADE
) ENGINE=InnoDB DEFAULT CHARSET=utf8mb4 COLLATE=utf8mb4_general_ci;


-- --------------------------------------------------------
-- Table structure for `contents`
DROP TABLE IF EXISTS `contents`;
CREATE TABLE `contents` (
  `id` int NOT NULL AUTO_INCREMENT,
  `title` varchar(200) CHARACTER SET utf8mb4 COLLATE utf8mb4_general_ci NOT NULL,
  `slug` varchar(220) CHARACTER SET utf8mb4 COLLATE utf8mb4_general_ci NOT NULL,
  `type` varchar(80) CHARACTER SET utf8mb4 COLLATE utf8mb4_general_ci DEFAULT 'page',
  `body` text CHARACTER SET utf8mb4 COLLATE utf8mb4_general_ci,
  `status` enum('draft','published') CHARACTER SET utf8mb4 COLLATE utf8mb4_general_ci DEFAULT 'draft',
  `created_at` timestamp NOT NULL DEFAULT CURRENT_TIMESTAMP,
  PRIMARY KEY (`id`),
  UNIQUE KEY `slug` (`slug`)
) ENGINE=InnoDB AUTO_INCREMENT=16 DEFAULT CHARSET=utf8mb4 COLLATE=utf8mb4_general_ci;

INSERT INTO `contents` (`id`, `title`, `slug`, `type`, `body`, `status`) VALUES
('1', 'Index - Hero Statistik', 'index-hero-stats', 'section', '<p>10+ Tahun</p><p>Pengalaman</p><p>15.000+</p><p>Produk Terdistribusi</p><p>Distributor Resmi</p><p>Brand Global</p>', 'published'),
('2', 'Index - About Us', 'index-about', 'section', '<span class=\"section-label\">About Us</span>\n<h2 class=\"section-title mb-3\">Mengenal Teakwave</h2>\n<p>Teakwave adalah distributor perangkat jaringan yang berdiri sejak tahun 2014 dan berpusat di\n                        Jakarta.</p>\n<p>Kami menyediakan berbagai produk jaringan berkualitas dari brand terpercaya seperti Ubiquiti dan\n                        MikroTik. Hingga saat ini, Teakwave telah mendistribusikan lebih dari 15.000 perangkat jaringan\n                        ke berbagai wilayah di Indonesia.</p>', 'published'),
('3', 'Index - Mengapa Memilih Teakwave', 'index-why-choose', 'section', '<h2 class=\"section-title text-center mb-5\">Mengapa Memilih Teakwave?</h2>\n<div class=\"row g-4\">\n<div class=\"col-md-6 reveal slide-left\">\n<div class=\"feature-item\">\n<div class=\"feature-icon\"><img src=\"../assets/img/produk-original.png\"/></div>\n<div>\n<h5>Produk Original</h5>\n<p>Semua perangkat jaringan yang kami distribusikan merupakan produk asli dari brand\n                                    resmi.</p>\n</div>\n</div>\n</div>\n<div class=\"col-md-6 reveal slide-right\">\n<div class=\"feature-item\">\n<div class=\"feature-icon\"><img src=\"../assets/img/harga-kompetitif.png\"/></div>\n<div>\n<h5>Harga Kompetitif</h5>\n<p>Kami menyediakan harga terbaik bagi reseller, perusahaan, maupun pengguna akhir.</p>\n</div>\n</div>\n</div>\n<div class=\"col-md-6 reveal slide-left\">\n<div class=\"feature-item\">\n<div class=\"feature-icon\"><img src=\"../assets/img/garansi-resmi.png\"/></div>\n<div>\n<h5>Garansi Resmi</h5>\n<p>Setiap produk dilengkapi garansi dengan aturan dan ketentuan yang jelas.</p>\n</div>\n</div>\n</div>\n<div class=\"col-md-6 reveal slide-right\">\n<div class=\"feature-item\">\n<div class=\"feature-icon\"><img src=\"../assets/img/distribusi-nasional.png\"/></div>\n<div>\n<h5>Distribusi Nasional</h5>\n<p>Pengiriman produk menjangkau seluruh wilayah Indonesia.</p>\n</div>\n</div>\n</div>\n</div>', 'published'),
('4', 'Index - Judul Produk Best Seller', 'index-products-title', 'section', 'Produk Best Seller', 'published'),
('5', 'Index - Testimonials', 'index-testimonials', 'section', '<h2>TestimonialsApa Kata Mereka</h2><p><br></p><p><br></p><p><br></p><p>Banyak pelanggan telah mempercayakan kebutuhan perangkat jaringan mereka kepada Teakwave.</p><p><br></p><p><br></p><p><br></p><p>“Pelayanan cepat, RMA bagus, harga kompetitif.”</p><p><br></p><p><br></p><p><br></p><p>Bapak Donny — Gloria Nets</p><p><br></p><p><br></p><p><br></p><p>“Selain harga yang bersaing, RMA pun cepat dan bagus.”</p><p><br></p><p><br></p><p><br></p><p>Bapak David — DS Comp</p>', 'published'),
('6', 'Index - Marketplace', 'index-marketplace', 'section', '<span class=\"section-label reveal slide-left\">Marketplace</span>\n<h2 class=\"section-title mb-4 reveal slide-right\">Beli Produk Teakwave Secara Online</h2>\n<div class=\"marketplace-list text-start\">\n<div class=\"market-row reveal slide-left\">\n<div>Belanja produk jaringan resmi Teakwave melalui <strong>Tokopedia.</strong></div>\n<a class=\"market-btn tokopedia\" href=\"#\" rel=\"noopener\" target=\"_blank\"><img src=\"../assets/img/logo-tokopedia.png\"/></a>\n</div>\n<div class=\"market-row reveal slide-right\">\n<div>Temukan berbagai perangkat jaringan dengan harga terbaik di <strong>Shopee.</strong></div>\n<a class=\"market-btn shopee\" href=\"#\" rel=\"noopener\" target=\"_blank\"><img src=\"../assets/img/logo-shopee.png\"/></a>\n</div>\n<div class=\"market-row reveal slide-left\">\n<div>Ingin harga yang lebih kompetitif? Order by <strong>WhatsApp.</strong></div>\n<a class=\"market-btn whatsapp\" href=\"https://wa.me/6282112345678\" rel=\"noopener\" target=\"_blank\"><img src=\"../assets/img/logo-whatsapp.png\"/></a>\n</div>\n</div>', 'published'),
('7', 'Footer - Contact', 'footer-contact', 'page', '<h2>Hubungi Kami</h2><p>Kompleks Harco Elektronik Mangga Dua Blok H-6 Raya Jl. Mangga Dua Dalam Jakarta, DKI Jakarta 10730</p><p><a href=\"mailto:sales@teakwave.com\" rel=\"noopener noreferrer nofollow\" target=\"_blank\">sales@teakwave.com </a></p>', 'published'),
('8', 'Footer - Company', 'footer-company', 'footer', '<h2 class=\"fw-bold mb-3\">Teakwave</h2>\n<p>Distributor perangkat jaringan nirkabel dan internet berkualitas untuk berbagai kebutuhan\n                            jaringan di Indonesia.</p>\n<div class=\"social mt-3\">\n<a aria-label=\"Instagram\" href=\"#\"><i class=\"bi bi-instagram\"></i></a>\n<a aria-label=\"Facebook\" href=\"#\"><i class=\"bi bi-facebook\"></i></a>\n</div>', 'published'),
('9', 'Profil - Tentang Kami', 'tentang-kami', 'page', '<p>Didirikan pada tahun 2014, Teakwave adalah perusahaan spesialis di bidang perangkat jaringan dan\n                        nirkabel yang berbasis di Jakarta. Sebagai distributor resmi berbagai produk wireless, kami\n                        menyediakan beragam perangkat jaringan berkualitas tinggi dengan harga yang terjangkau.</p>\n<p>Selain itu, kami juga memberikan layanan konsultasi teknis untuk membantu pelanggan memahami\n                        fitur dan manfaat dari produk yang kami tawarkan. Tim kami siap membantu dalam proses\n                        troubleshooting apabila dibutuhkan. Untuk memastikan solusi yang tepat, kami juga dapat\n                        melakukan pengecekan awal menggunakan link planner guna menilai kesesuaian produk dengan\n                        kebutuhan sistem Anda.</p>\n<p>Dengan komitmen untuk menghadirkan solusi terbaik bagi kebutuhan jaringan dan nirkabel, Teakwave\n                        menjadi pilihan yang tepat untuk mengoptimalkan performa infrastruktur Anda.</p>', 'published'),
('10', 'Profil - Authorized Distributor', 'profile-authorized', 'section', '<div class=\"auth-label\">Authorized Distributor of:</div>\n<div aria-label=\"Brand distributor resmi\" class=\"auth-brand-row\">\n<span class=\"auth-logo voltech\"><img src=\"../assets/img/logo-voltech.png\"/></span>\n<span class=\"auth-logo voltech\"><img src=\"../assets/img/logo-vsol.png\"/></span>\n<span class=\"auth-logo voltech\"><img src=\"../assets/img/logo-ubiquiti.png\"/></span>\n<span class=\"auth-logo voltech\"><img src=\"../assets/img/logo-mikrotik.png\"/></span>\n</div>', 'published'),
('11', 'Kontak - Informasi Kontak', 'kontak', 'page', '<h2 class=\"contact-info-title\">Kami Siap Membantu Kebutuhan Jaringan Anda</h2>\n<p>Punya pertanyaan, butuh konsultasi produk, atau ingin mendapatkan penawaran terbaik?<br/>Tim\n                        Teakwave siap membantu Anda dengan pelayanan yang cepat dan profesional.</p>\n<div class=\"contact-company\">PT Makmur Jati Teknologi</div>\n<p>Kompleks Harco Elektronik Mangga Dua Blok H-6, Jl. Mangga Dua Raya, Jakarta Pusat 10730</p>\n<div class=\"contact-method-grid\">\n<div class=\"contact-method reveal slide-left\">\n<div class=\"contact-method-icon\"><i class=\"bi bi-envelope\"></i></div>\n<div>\n<strong>Email</strong>\n<a href=\"mailto:sales@teakwave.com\">sales@teakwave.com</a>\n</div>\n</div>\n<div class=\"contact-method reveal slide-right\">\n<div class=\"contact-method-icon\"><i class=\"bi bi-globe2\"></i></div>\n<div>\n<strong>Website</strong>\n<a href=\"https://teakwave.com\" rel=\"noopener\" target=\"_blank\">teakwave.com</a>\n</div>\n</div>\n<div class=\"contact-method reveal slide-left\">\n<div class=\"contact-method-icon\"><i class=\"bi bi-telephone-fill\"></i></div>\n<div>\n<strong>WhatsApp Sales</strong>\n<a href=\"https://wa.me/6289527932474\" rel=\"noopener\" target=\"_blank\">+6289527932474</a>\n</div>\n</div>\n<div class=\"contact-method reveal slide-right\">\n<div class=\"contact-method-icon\"><i class=\"bi bi-instagram\"></i></div>\n<div>\n<strong>Instagram</strong>\n<a href=\"https://instagram.com/teak.wave\" rel=\"noopener\" target=\"_blank\">teak.wave</a>\n</div>\n</div>\n</div>', 'published'),
('12', 'Produk - Marketplace', 'produk-marketplace', 'section', '<span class=\"market-title-pill reveal\">Marketplace</span>\n<h2 class=\"section-title mb-4 reveal\">Beli Produk Teakwave Secara Online</h2>\n<div class=\"market-mini-wrap\">\n<div class=\"row g-3\">\n<div class=\"col-md-4 reveal slide-left\">\n<div class=\"market-card-mini\">\n<p>Belanja produk jaringan resmi Teakwave melalui <strong>Tokopedia.</strong></p>\n<a class=\"market-btn\" href=\"#\" rel=\"noopener\" target=\"_blank\"><img src=\"../assets/img/logo-tokopedia.png\"/></a>\n</div>\n</div>\n<div class=\"col-md-4 reveal\">\n<div class=\"market-card-mini\">\n<p>Temukan berbagai perangkat jaringan dengan harga terbaik di <strong>Shopee.</strong>\n</p>\n<a class=\"market-btn\" href=\"#\" rel=\"noopener\" target=\"_blank\"><img src=\"../assets/img/logo-shopee.png\"/></a>\n</div>\n</div>\n<div class=\"col-md-4 reveal slide-right\">\n<div class=\"market-card-mini\">\n<p>Ingin harga yang lebih kompetitif? Order by <strong>WhatsApp.</strong></p>\n<a class=\"market-btn\" href=\"https://wa.me/6282112345678\" rel=\"noopener\" target=\"_blank\"><img src=\"../assets/img/logo-whatsapp.png\"/></a>\n</div>\n</div>\n</div>\n</div>', 'published'),
('13', 'Produk - Brands', 'produk-brands', 'section', '<span class=\"brand-title-pill reveal\">Our Brands</span>\n<div class=\"brand-grid\">\n<div class=\"row g-3\">\n<div class=\"col-md-6 reveal slide-left\">\n<div class=\"brand-card\">\n<div class=\"brand-logo-text ubiquiti\"><img src=\"../assets/img/logo-ubiquiti.png\"/>\n</div>\n<p>Brand global yang dikenal dengan performa tinggi dan stabilitas untuk jaringan\n                                    wireless, banyak digunakan oleh ISP dan enterprise.</p>\n</div>\n</div>\n<div class=\"col-md-6 reveal slide-right\">\n<div class=\"brand-card\">\n<div class=\"brand-logo-text vsol\"><img src=\"../assets/img/logo-vsol.png\"/></div>\n<p>Solusi perangkat GPON dan fiber optic yang handal dan efisien, cocok untuk kebutuhan\n                                    ISP dan pengembangan jaringan FTTH.</p>\n</div>\n</div>\n<div class=\"col-md-6 reveal slide-left\">\n<div class=\"brand-card\">\n<div class=\"brand-logo-text mikrotik\"><img src=\"../assets/img/logo-mikrotik.png\"/></div>\n<p>Perangkat jaringan dengan fleksibilitas tinggi, fitur lengkap, dan harga kompetitif,\n                                    menjadi pilihan utama para profesional jaringan.</p>\n</div>\n</div>\n<div class=\"col-md-6 reveal slide-right\">\n<div class=\"brand-card\">\n<div class=\"brand-logo-text voltech\"><img src=\"../assets/img/logo-voltech.png\"/></div>\n<p>Brand perangkat jaringan yang menghadirkan solusi modern untuk kebutuhan\n                                    konektivitas.</p>\n</div>\n</div>\n</div>\n</div>', 'published'),
('14', 'Produk Detail - Marketplace', 'produk-detail-marketplace', 'section', '<span class=\"market-title-pill reveal\">Marketplace</span>\n<h2 class=\"section-title mb-4 reveal\">Beli Produk Teakwave Secara Online</h2>\n<div class=\"market-mini-wrap\">\n<div class=\"row g-3\">\n<div class=\"col-md-4 reveal slide-left\">\n<div class=\"market-card-mini\">\n<p>Belanja produk jaringan resmi Teakwave melalui <strong>Tokopedia.</strong></p>\n<a class=\"market-btn\" href=\"#\" rel=\"noopener\" target=\"_blank\"><img src=\"../assets/img/logo-tokopedia.png\"/></a>\n</div>\n</div>\n<div class=\"col-md-4 reveal\">\n<div class=\"market-card-mini\">\n<p>Temukan berbagai perangkat jaringan dengan harga terbaik di <strong>Shopee.</strong>\n</p>\n<a class=\"market-btn\" href=\"#\" rel=\"noopener\" target=\"_blank\"><img src=\"../assets/img/logo-shopee.png\"/></a>\n</div>\n</div>\n<div class=\"col-md-4 reveal slide-right\">\n<div class=\"market-card-mini\">\n<p>Ingin harga yang lebih kompetitif? Order by <strong>WhatsApp.</strong></p>\n<a class=\"market-btn\" href=\"https://wa.me/6282112345678\" rel=\"noopener\" target=\"_blank\"><img src=\"../assets/img/logo-whatsapp.png\"/></a>\n</div>\n</div>\n</div>\n</div>', 'published'),
('15', 'Kontak - Pembelian Produk', 'kontak-purchase', 'section', '<div><h2>Pembelian Produk</h2><p>Anda dapat membeli produk Teakwave melalui marketplace resmi atau langsung menghubungi tim kami.</p></div>\n<div aria-label=\"Link pembelian produk\" class=\"purchase-actions\">\n<a aria-label=\"Tokopedia\" class=\"purchase-action tokopedia\" href=\"#\" rel=\"noopener\" target=\"_blank\"><img src=\"../assets/img/icon-tokopedia.png\"></a>\n<a aria-label=\"Shopee\" class=\"purchase-action shopee\" href=\"#\" rel=\"noopener\" target=\"_blank\"><img src=\"../assets/img/icon-shopee.png\"></a>\n<a aria-label=\"WhatsApp\" class=\"purchase-action whatsapp\" href=\"https://wa.me/6289527932474\" rel=\"noopener\" target=\"_blank\"><img src=\"../assets/img/icon-whatsapp.png\"></a>\n</div>', 'published');

-- --------------------------------------------------------
-- Table structure for `media_files`
DROP TABLE IF EXISTS `media_files`;
CREATE TABLE `media_files` (
  `id` int NOT NULL AUTO_INCREMENT,
  `title` varchar(200) CHARACTER SET utf8mb4 COLLATE utf8mb4_general_ci DEFAULT NULL,
  `file_name` varchar(255) CHARACTER SET utf8mb4 COLLATE utf8mb4_general_ci NOT NULL,
  `file_path` varchar(255) CHARACTER SET utf8mb4 COLLATE utf8mb4_general_ci NOT NULL,
  `file_type` varchar(100) CHARACTER SET utf8mb4 COLLATE utf8mb4_general_ci DEFAULT NULL,
  `file_size` int DEFAULT '0',
  `created_at` timestamp NOT NULL DEFAULT CURRENT_TIMESTAMP,
  PRIMARY KEY (`id`)
) ENGINE=InnoDB DEFAULT CHARSET=utf8mb4 COLLATE=utf8mb4_general_ci;


-- --------------------------------------------------------
-- Table structure for `product_images`
DROP TABLE IF EXISTS `product_images`;
CREATE TABLE `product_images` (
  `id` int NOT NULL AUTO_INCREMENT,
  `product_id` int NOT NULL,
  `image_path` varchar(255) CHARACTER SET utf8mb4 COLLATE utf8mb4_general_ci NOT NULL,
  `is_primary` tinyint(1) DEFAULT '0',
  `created_at` timestamp NOT NULL DEFAULT CURRENT_TIMESTAMP,
  PRIMARY KEY (`id`),
  KEY `product_id` (`product_id`),
  CONSTRAINT `product_images_ibfk_1` FOREIGN KEY (`product_id`) REFERENCES `products` (`id`) ON DELETE CASCADE
) ENGINE=InnoDB AUTO_INCREMENT=69 DEFAULT CHARSET=utf8mb4 COLLATE=utf8mb4_general_ci;

INSERT INTO `product_images` (`id`, `product_id`, `image_path`, `is_primary`) VALUES
('1', '1', '../produk/1.png', '1'),
('2', '2', '../produk/2.png', '1'),
('3', '3', '../produk/3.png', '1'),
('4', '4', '../produk/4.png', '1'),
('5', '5', '../produk/5.png', '1'),
('6', '6', '../produk/6.png', '1'),
('7', '7', '../produk/7.png', '1'),
('8', '8', '../produk/1.png', '1'),
('9', '9', '../produk/2.png', '1'),
('10', '10', '../produk/3.png', '1'),
('11', '11', '../produk/4.png', '1'),
('12', '12', '../produk/5.png', '1'),
('13', '13', '../produk/6.png', '1'),
('14', '14', '../produk/7.png', '1'),
('15', '15', '../produk/5.png', '1'),
('16', '16', '../produk/4.png', '1'),
('17', '17', '../produk/7.png', '1'),
('18', '18', '../produk/5.png', '1'),
('19', '19', '../produk/4.png', '1'),
('20', '20', '../produk/2.png', '1'),
('21', '21', '../produk/1.png', '1'),
('22', '22', '../produk/2.png', '1'),
('23', '23', '../produk/3.png', '1'),
('24', '24', '../produk/4.png', '1'),
('25', '25', '../produk/5.png', '1'),
('26', '26', '../produk/6.png', '1'),
('27', '27', '../produk/7.png', '1'),
('28', '28', '../produk/5.png', '1'),
('29', '29', '../produk/4.png', '1'),
('30', '30', '../produk/2.png', '1'),
('31', '31', '../produk/1.png', '1'),
('32', '32', '../produk/2.png', '1'),
('33', '33', '../produk/3.png', '1'),
('34', '34', '../produk/4.png', '1'),
('35', '35', '../produk/5.png', '1'),
('36', '36', '../produk/6.png', '1'),
('37', '37', '../produk/7.png', '1'),
('38', '38', '../produk/5.png', '1'),
('39', '39', '../produk/4.png', '1'),
('40', '40', '../produk/2.png', '1'),
('41', '41', '../produk/1.png', '1'),
('42', '42', '../produk/2.png', '1'),
('43', '43', '../produk/3.png', '1'),
('44', '44', '../produk/4.png', '1'),
('45', '45', '../produk/5.png', '1'),
('46', '46', '../produk/6.png', '1'),
('47', '47', '../produk/7.png', '1'),
('48', '48', '../produk/5.png', '1'),
('49', '49', '../produk/4.png', '1'),
('50', '50', '../produk/2.png', '1'),
('51', '51', '../produk/1.png', '1'),
('52', '52', '../produk/2.png', '1'),
('53', '53', '../produk/3.png', '1'),
('55', '55', '../produk/5.png', '1'),
('56', '54', '../uploads/vol-tech-access-point-pro-product-gallery-1-20260609193808-6e719a.webp', '0'),
('57', '54', '../uploads/vol-tech-access-point-pro-product-gallery-2-20260609193808-1c557a.webp', '0'),
('58', '54', '../uploads/vol-tech-access-point-pro-product-gallery-3-20260609193808-a8588a.webp', '0'),
('63', '56', '../uploads/test-product-product-gallery-2-20260614183616-5d8e4c.webp', '0'),
('64', '56', '../uploads/test-product-product-gallery-3-20260614183616-80b5cd.webp', '0'),
('65', '56', '../uploads/test-product-product-gallery-4-20260614183616-169e68.jpg', '0'),
('67', '56', '../uploads/test-product-product-gallery-2-20260614190401-b3bd36.png', '0'),
('68', '56', '../uploads/test-product-product-gallery-3-20260614190401-6f5460.png', '0');

-- --------------------------------------------------------
-- Table structure for `products`
DROP TABLE IF EXISTS `products`;
CREATE TABLE `products` (
  `id` int NOT NULL AUTO_INCREMENT,
  `name` varchar(200) CHARACTER SET utf8mb4 COLLATE utf8mb4_general_ci NOT NULL,
  `sku` varchar(100) CHARACTER SET utf8mb4 COLLATE utf8mb4_general_ci DEFAULT NULL,
  `category` varchar(120) CHARACTER SET utf8mb4 COLLATE utf8mb4_general_ci DEFAULT NULL,
  `price` decimal(12,2) DEFAULT '0.00',
  `image` varchar(255) CHARACTER SET utf8mb4 COLLATE utf8mb4_general_ci DEFAULT NULL,
  `stock` int DEFAULT '0',
  `status` enum('active','inactive') CHARACTER SET utf8mb4 COLLATE utf8mb4_general_ci DEFAULT 'active',
  `description` text CHARACTER SET utf8mb4 COLLATE utf8mb4_general_ci,
  `created_at` timestamp NOT NULL DEFAULT CURRENT_TIMESTAMP,
  `brand_id` int DEFAULT NULL,
  `category_id` int DEFAULT NULL,
  `is_best_seller` int NOT NULL,
  `updated_at` timestamp NULL DEFAULT NULL,
  PRIMARY KEY (`id`)
) ENGINE=InnoDB AUTO_INCREMENT=57 DEFAULT CHARSET=utf8mb4 COLLATE=utf8mb4_general_ci;

INSERT INTO `products` (`id`, `name`, `sku`, `category`, `price`, `image`, `stock`, `status`, `description`, `brand_id`, `category_id`, `is_best_seller`, `updated_at`) VALUES
('1', 'UniFi U6 Lite Access Point', 'TW-UBIQUITI-001', NULL, '0.00', '../produk/1.png', '0', 'active', '<p>UniFi U6 Lite Access Point adalah produk access point dari brand Ubiquiti yang tersedia dalam katalog Teakwave.</p><p>Data produk ini disinkronkan dari listing frontend agar katalog di website dan dashboard backend sama.</p>', '1', '1', '1', NULL),
('2', 'UniFi U6 Plus Indoor AP', 'TW-UBIQUITI-002', NULL, '0.00', '../produk/2.png', '0', 'active', '<p>UniFi U6 Plus Indoor AP adalah produk access point dari brand Ubiquiti yang tersedia dalam katalog Teakwave.</p><p>Data produk ini disinkronkan dari listing frontend agar katalog di website dan dashboard backend sama.</p>', '1', '1', '1', NULL),
('3', 'UniFi U7 Pro WiFi AP', 'TW-UBIQUITI-003', NULL, '0.00', '../produk/3.png', '0', 'active', '<p>UniFi U7 Pro WiFi AP adalah produk access point dari brand Ubiquiti yang tersedia dalam katalog Teakwave.</p><p>Data produk ini disinkronkan dari listing frontend agar katalog di website dan dashboard backend sama.</p>', '1', '1', '1', NULL),
('4', 'UniFi Dream Router', 'TW-UBIQUITI-004', NULL, '0.00', '../produk/4.png', '0', 'active', '<p>UniFi Dream Router adalah produk router / gateway dari brand Ubiquiti yang tersedia dalam katalog Teakwave.</p><p>Data produk ini disinkronkan dari listing frontend agar katalog di website dan dashboard backend sama.</p>', '1', '9', '1', NULL),
('5', 'UniFi Cloud Gateway Ultra', 'TW-UBIQUITI-005', NULL, '0.00', '../produk/5.png', '0', 'active', '<p>UniFi Cloud Gateway Ultra adalah produk router / gateway dari brand Ubiquiti yang tersedia dalam katalog Teakwave.</p><p>Data produk ini disinkronkan dari listing frontend agar katalog di website dan dashboard backend sama.</p>', '1', '9', '1', NULL),
('6', 'UniFi Switch Lite 8 PoE', 'TW-UBIQUITI-006', NULL, '0.00', '../produk/6.png', '0', 'active', '<p>UniFi Switch Lite 8 PoE adalah produk switch dari brand Ubiquiti yang tersedia dalam katalog Teakwave.</p><p>Data produk ini disinkronkan dari listing frontend agar katalog di website dan dashboard backend sama.</p>', '1', '11', '1', NULL),
('7', 'UniFi Switch 24 PoE', 'TW-UBIQUITI-007', NULL, '0.00', '../produk/7.png', '0', 'active', '<p>UniFi Switch 24 PoE adalah produk switch dari brand Ubiquiti yang tersedia dalam katalog Teakwave.</p><p>Data produk ini disinkronkan dari listing frontend agar katalog di website dan dashboard backend sama.</p>', '1', '11', '1', NULL),
('8', 'EdgeRouter X Gigabit', 'TW-UBIQUITI-008', NULL, '0.00', '../produk/1.png', '0', 'active', '<p>EdgeRouter X Gigabit adalah produk router / gateway dari brand Ubiquiti yang tersedia dalam katalog Teakwave.</p><p>Data produk ini disinkronkan dari listing frontend agar katalog di website dan dashboard backend sama.</p>', '1', '9', '1', NULL),
('9', 'LiteBeam 5AC Gen2', 'TW-UBIQUITI-009', NULL, '0.00', '../produk/2.png', '0', 'active', '<p>LiteBeam 5AC Gen2 adalah produk wireless outdoor dari brand Ubiquiti yang tersedia dalam katalog Teakwave.</p><p>Data produk ini disinkronkan dari listing frontend agar katalog di website dan dashboard backend sama.</p>', '1', '12', '1', NULL),
('10', 'NanoBeam 5AC Bridge', 'TW-UBIQUITI-010', NULL, '0.00', '../produk/3.png', '0', 'active', '<p>NanoBeam 5AC Bridge adalah produk wireless outdoor dari brand Ubiquiti yang tersedia dalam katalog Teakwave.</p><p>Data produk ini disinkronkan dari listing frontend agar katalog di website dan dashboard backend sama.</p>', '1', '12', '1', NULL),
('11', 'PowerBeam 5AC ISO', 'TW-UBIQUITI-011', NULL, '0.00', '../produk/4.png', '0', 'active', '<p>PowerBeam 5AC ISO adalah produk wireless outdoor dari brand Ubiquiti yang tersedia dalam katalog Teakwave.</p><p>Data produk ini disinkronkan dari listing frontend agar katalog di website dan dashboard backend sama.</p>', '1', '12', '0', NULL),
('12', 'Rocket Prism AC Radio', 'TW-UBIQUITI-012', NULL, '0.00', '../produk/5.png', '0', 'active', '<p>Rocket Prism AC Radio adalah produk wireless outdoor dari brand Ubiquiti yang tersedia dalam katalog Teakwave.</p><p>Data produk ini disinkronkan dari listing frontend agar katalog di website dan dashboard backend sama.</p>', '1', '12', '0', NULL),
('13', 'airMAX Sector Antenna', 'TW-UBIQUITI-013', NULL, '0.00', '../produk/6.png', '0', 'active', '<p>airMAX Sector Antenna adalah produk wireless outdoor dari brand Ubiquiti yang tersedia dalam katalog Teakwave.</p><p>Data produk ini disinkronkan dari listing frontend agar katalog di website dan dashboard backend sama.</p>', '1', '12', '0', NULL),
('14', 'UniFi Protect G5 Dome', 'TW-UBIQUITI-014', NULL, '0.00', '../produk/7.png', '0', 'active', '<p>UniFi Protect G5 Dome adalah produk cctv dari brand Ubiquiti yang tersedia dalam katalog Teakwave.</p><p>Data produk ini disinkronkan dari listing frontend agar katalog di website dan dashboard backend sama.</p>', '1', '2', '0', NULL),
('15', 'UniFi Flex Mini Switch', 'TW-UBIQUITI-015', NULL, '0.00', '../produk/5.png', '0', 'active', '<p>UniFi Flex Mini Switch adalah produk switch dari brand Ubiquiti yang tersedia dalam katalog Teakwave.</p><p>Data produk ini disinkronkan dari listing frontend agar katalog di website dan dashboard backend sama.</p>', '1', '11', '0', NULL),
('16', 'V-SOL GPON ONU 1GE', 'TW-VSOL-016', NULL, '0.00', '../produk/4.png', '0', 'active', '<p>V-SOL GPON ONU 1GE adalah produk onu / ont dari brand V-SOL yang tersedia dalam katalog Teakwave.</p><p>Data produk ini disinkronkan dari listing frontend agar katalog di website dan dashboard backend sama.</p>', '2', '6', '0', NULL),
('17', 'V-SOL ONU WiFi AC1200', 'TW-VSOL-017', NULL, '0.00', '../produk/7.png', '0', 'active', '<p>V-SOL ONU WiFi AC1200 adalah produk onu / ont dari brand V-SOL yang tersedia dalam katalog Teakwave.</p><p>Data produk ini disinkronkan dari listing frontend agar katalog di website dan dashboard backend sama.</p>', '2', '6', '0', NULL),
('18', 'V-SOL HG323AC Dual Band', 'TW-VSOL-018', NULL, '0.00', '../produk/5.png', '0', 'active', '<p>V-SOL HG323AC Dual Band adalah produk perangkat jaringan dari brand V-SOL yang tersedia dalam katalog Teakwave.</p><p>Data produk ini disinkronkan dari listing frontend agar katalog di website dan dashboard backend sama.</p>', '2', '7', '0', NULL),
('19', 'V-SOL V2802RH Optical Unit', 'TW-VSOL-019', NULL, '0.00', '../produk/4.png', '0', 'active', '<p>V-SOL V2802RH Optical Unit adalah produk onu / ont dari brand V-SOL yang tersedia dalam katalog Teakwave.</p><p>Data produk ini disinkronkan dari listing frontend agar katalog di website dan dashboard backend sama.</p>', '2', '6', '0', NULL),
('20', 'V-SOL V2801SG Mini ONU', 'TW-VSOL-020', NULL, '0.00', '../produk/2.png', '0', 'active', '<p>V-SOL V2801SG Mini ONU adalah produk onu / ont dari brand V-SOL yang tersedia dalam katalog Teakwave.</p><p>Data produk ini disinkronkan dari listing frontend agar katalog di website dan dashboard backend sama.</p>', '2', '6', '0', NULL),
('21', 'V-SOL OLT 4 Port GPON', 'TW-VSOL-021', NULL, '0.00', '../produk/1.png', '0', 'active', '<p>V-SOL OLT 4 Port GPON adalah produk olt dari brand V-SOL yang tersedia dalam katalog Teakwave.</p><p>Data produk ini disinkronkan dari listing frontend agar katalog di website dan dashboard backend sama.</p>', '2', '5', '0', NULL),
('22', 'V-SOL OLT 8 Port GPON', 'TW-VSOL-022', NULL, '0.00', '../produk/2.png', '0', 'active', '<p>V-SOL OLT 8 Port GPON adalah produk olt dari brand V-SOL yang tersedia dalam katalog Teakwave.</p><p>Data produk ini disinkronkan dari listing frontend agar katalog di website dan dashboard backend sama.</p>', '2', '5', '0', NULL),
('23', 'V-SOL OLT 16 Port Rack', 'TW-VSOL-023', NULL, '0.00', '../produk/3.png', '0', 'active', '<p>V-SOL OLT 16 Port Rack adalah produk olt dari brand V-SOL yang tersedia dalam katalog Teakwave.</p><p>Data produk ini disinkronkan dari listing frontend agar katalog di website dan dashboard backend sama.</p>', '2', '5', '0', NULL),
('24', 'V-SOL XPON Router WiFi', 'TW-VSOL-024', NULL, '0.00', '../produk/4.png', '0', 'active', '<p>V-SOL XPON Router WiFi adalah produk router / gateway dari brand V-SOL yang tersedia dalam katalog Teakwave.</p><p>Data produk ini disinkronkan dari listing frontend agar katalog di website dan dashboard backend sama.</p>', '2', '9', '0', NULL),
('25', 'V-SOL Fiber ONT Voice', 'TW-VSOL-025', NULL, '0.00', '../produk/5.png', '0', 'active', '<p>V-SOL Fiber ONT Voice adalah produk onu / ont dari brand V-SOL yang tersedia dalam katalog Teakwave.</p><p>Data produk ini disinkronkan dari listing frontend agar katalog di website dan dashboard backend sama.</p>', '2', '6', '0', NULL),
('26', 'V-SOL PoE ONU Outdoor', 'TW-VSOL-026', NULL, '0.00', '../produk/6.png', '0', 'active', '<p>V-SOL PoE ONU Outdoor adalah produk onu / ont dari brand V-SOL yang tersedia dalam katalog Teakwave.</p><p>Data produk ini disinkronkan dari listing frontend agar katalog di website dan dashboard backend sama.</p>', '2', '6', '0', NULL),
('27', 'V-SOL CATV Optical Node', 'TW-VSOL-027', NULL, '0.00', '../produk/7.png', '0', 'active', '<p>V-SOL CATV Optical Node adalah produk perangkat jaringan dari brand V-SOL yang tersedia dalam katalog Teakwave.</p><p>Data produk ini disinkronkan dari listing frontend agar katalog di website dan dashboard backend sama.</p>', '2', '7', '0', NULL),
('28', 'V-SOL SFP GPON Module', 'TW-VSOL-028', NULL, '0.00', '../produk/5.png', '0', 'active', '<p>V-SOL SFP GPON Module adalah produk sfp module dari brand V-SOL yang tersedia dalam katalog Teakwave.</p><p>Data produk ini disinkronkan dari listing frontend agar katalog di website dan dashboard backend sama.</p>', '2', '10', '0', NULL),
('29', 'V-SOL Optical Splitter 1:8', 'TW-VSOL-029', NULL, '0.00', '../produk/4.png', '0', 'active', '<p>V-SOL Optical Splitter 1:8 adalah produk fiber accessories dari brand V-SOL yang tersedia dalam katalog Teakwave.</p><p>Data produk ini disinkronkan dari listing frontend agar katalog di website dan dashboard backend sama.</p>', '2', '3', '0', NULL),
('30', 'MikroTik hAP ax2 Router', 'TW-MIKROTIK-030', NULL, '0.00', '../produk/2.png', '0', 'active', '<p>MikroTik hAP ax2 Router adalah produk router / gateway dari brand Mikrotik yang tersedia dalam katalog Teakwave.</p><p>Data produk ini disinkronkan dari listing frontend agar katalog di website dan dashboard backend sama.</p>', '3', '9', '0', NULL),
('31', 'MikroTik hAP ax3 WiFi 6', 'TW-MIKROTIK-031', NULL, '0.00', '../produk/1.png', '0', 'active', '<p>MikroTik hAP ax3 WiFi 6 adalah produk router / gateway dari brand Mikrotik yang tersedia dalam katalog Teakwave.</p><p>Data produk ini disinkronkan dari listing frontend agar katalog di website dan dashboard backend sama.</p>', '3', '9', '0', NULL),
('32', 'MikroTik RB750Gr3 hEX', 'TW-MIKROTIK-032', NULL, '0.00', '../produk/2.png', '0', 'active', '<p>MikroTik RB750Gr3 hEX adalah produk router / gateway dari brand Mikrotik yang tersedia dalam katalog Teakwave.</p><p>Data produk ini disinkronkan dari listing frontend agar katalog di website dan dashboard backend sama.</p>', '3', '9', '0', NULL),
('33', 'MikroTik RB5009 Router', 'TW-MIKROTIK-033', NULL, '0.00', '../produk/3.png', '0', 'active', '<p>MikroTik RB5009 Router adalah produk router / gateway dari brand Mikrotik yang tersedia dalam katalog Teakwave.</p><p>Data produk ini disinkronkan dari listing frontend agar katalog di website dan dashboard backend sama.</p>', '3', '9', '0', NULL),
('34', 'MikroTik CRS326 Switch', 'TW-MIKROTIK-034', NULL, '0.00', '../produk/4.png', '0', 'active', '<p>MikroTik CRS326 Switch adalah produk switch dari brand Mikrotik yang tersedia dalam katalog Teakwave.</p><p>Data produk ini disinkronkan dari listing frontend agar katalog di website dan dashboard backend sama.</p>', '3', '11', '0', NULL),
('35', 'MikroTik CSS610 8G Switch', 'TW-MIKROTIK-035', NULL, '0.00', '../produk/5.png', '0', 'active', '<p>MikroTik CSS610 8G Switch adalah produk switch dari brand Mikrotik yang tersedia dalam katalog Teakwave.</p><p>Data produk ini disinkronkan dari listing frontend agar katalog di website dan dashboard backend sama.</p>', '3', '11', '0', NULL),
('36', 'MikroTik cAP ax Ceiling', 'TW-MIKROTIK-036', NULL, '0.00', '../produk/6.png', '0', 'active', '<p>MikroTik cAP ax Ceiling adalah produk access point dari brand Mikrotik yang tersedia dalam katalog Teakwave.</p><p>Data produk ini disinkronkan dari listing frontend agar katalog di website dan dashboard backend sama.</p>', '3', '1', '0', NULL),
('37', 'MikroTik SXT LTE Kit', 'TW-MIKROTIK-037', NULL, '0.00', '../produk/7.png', '0', 'active', '<p>MikroTik SXT LTE Kit adalah produk wireless outdoor dari brand Mikrotik yang tersedia dalam katalog Teakwave.</p><p>Data produk ini disinkronkan dari listing frontend agar katalog di website dan dashboard backend sama.</p>', '3', '12', '0', NULL),
('38', 'MikroTik LHG 5 Antenna', 'TW-MIKROTIK-038', NULL, '0.00', '../produk/5.png', '0', 'active', '<p>MikroTik LHG 5 Antenna adalah produk wireless outdoor dari brand Mikrotik yang tersedia dalam katalog Teakwave.</p><p>Data produk ini disinkronkan dari listing frontend agar katalog di website dan dashboard backend sama.</p>', '3', '12', '0', NULL),
('39', 'MikroTik mANTBox 15s', 'TW-MIKROTIK-039', NULL, '0.00', '../produk/4.png', '0', 'active', '<p>MikroTik mANTBox 15s adalah produk wireless outdoor dari brand Mikrotik yang tersedia dalam katalog Teakwave.</p><p>Data produk ini disinkronkan dari listing frontend agar katalog di website dan dashboard backend sama.</p>', '3', '12', '0', NULL),
('40', 'MikroTik NetMetal ac²', 'TW-MIKROTIK-040', NULL, '0.00', '../produk/2.png', '0', 'active', '<p>MikroTik NetMetal ac² adalah produk perangkat jaringan dari brand Mikrotik yang tersedia dalam katalog Teakwave.</p><p>Data produk ini disinkronkan dari listing frontend agar katalog di website dan dashboard backend sama.</p>', '3', '7', '0', NULL),
('41', 'MikroTik wAP ac Outdoor', 'TW-MIKROTIK-041', NULL, '0.00', '../produk/1.png', '0', 'active', '<p>MikroTik wAP ac Outdoor adalah produk wireless outdoor dari brand Mikrotik yang tersedia dalam katalog Teakwave.</p><p>Data produk ini disinkronkan dari listing frontend agar katalog di website dan dashboard backend sama.</p>', '3', '12', '0', NULL),
('42', 'MikroTik RouterBOARD PoE', 'TW-MIKROTIK-042', NULL, '0.00', '../produk/2.png', '0', 'active', '<p>MikroTik RouterBOARD PoE adalah produk router / gateway dari brand Mikrotik yang tersedia dalam katalog Teakwave.</p><p>Data produk ini disinkronkan dari listing frontend agar katalog di website dan dashboard backend sama.</p>', '3', '9', '0', NULL),
('43', 'VOL.TECH GPON ONT 1GE', 'TW-VOLTECH-043', NULL, '0.00', '../produk/3.png', '0', 'active', '<p>VOL.TECH GPON ONT 1GE adalah produk onu / ont dari brand VOL.TECH yang tersedia dalam katalog Teakwave.</p><p>Data produk ini disinkronkan dari listing frontend agar katalog di website dan dashboard backend sama.</p>', '4', '6', '0', NULL),
('44', 'VOL.TECH ONT Dual Band', 'TW-VOLTECH-044', NULL, '0.00', '../produk/4.png', '0', 'active', '<p>VOL.TECH ONT Dual Band adalah produk onu / ont dari brand VOL.TECH yang tersedia dalam katalog Teakwave.</p><p>Data produk ini disinkronkan dari listing frontend agar katalog di website dan dashboard backend sama.</p>', '4', '6', '0', NULL),
('45', 'VOL.TECH OLT 4 Port', 'TW-VOLTECH-045', NULL, '0.00', '../produk/5.png', '0', 'active', '<p>VOL.TECH OLT 4 Port adalah produk olt dari brand VOL.TECH yang tersedia dalam katalog Teakwave.</p><p>Data produk ini disinkronkan dari listing frontend agar katalog di website dan dashboard backend sama.</p>', '4', '5', '0', NULL),
('46', 'VOL.TECH OLT 8 Port', 'TW-VOLTECH-046', NULL, '0.00', '../produk/6.png', '0', 'active', '<p>VOL.TECH OLT 8 Port adalah produk olt dari brand VOL.TECH yang tersedia dalam katalog Teakwave.</p><p>Data produk ini disinkronkan dari listing frontend agar katalog di website dan dashboard backend sama.</p>', '4', '5', '0', NULL),
('47', 'VOL.TECH PoE Switch 8 Port', 'TW-VOLTECH-047', NULL, '0.00', '../produk/7.png', '0', 'active', '<p>VOL.TECH PoE Switch 8 Port adalah produk switch dari brand VOL.TECH yang tersedia dalam katalog Teakwave.</p><p>Data produk ini disinkronkan dari listing frontend agar katalog di website dan dashboard backend sama.</p>', '4', '11', '0', NULL),
('48', 'VOL.TECH Gigabit Switch 16', 'TW-VOLTECH-048', NULL, '0.00', '../produk/5.png', '0', 'active', '<p>VOL.TECH Gigabit Switch 16 adalah produk switch dari brand VOL.TECH yang tersedia dalam katalog Teakwave.</p><p>Data produk ini disinkronkan dari listing frontend agar katalog di website dan dashboard backend sama.</p>', '4', '11', '0', NULL),
('49', 'VOL.TECH Media Converter', 'TW-VOLTECH-049', NULL, '0.00', '../produk/4.png', '0', 'active', '<p>VOL.TECH Media Converter adalah produk media converter dari brand VOL.TECH yang tersedia dalam katalog Teakwave.</p><p>Data produk ini disinkronkan dari listing frontend agar katalog di website dan dashboard backend sama.</p>', '4', '4', '0', NULL),
('50', 'VOL.TECH SFP Module 1.25G', 'TW-VOLTECH-050', NULL, '0.00', '../produk/2.png', '0', 'active', '<p>VOL.TECH SFP Module 1.25G adalah produk sfp module dari brand VOL.TECH yang tersedia dalam katalog Teakwave.</p><p>Data produk ini disinkronkan dari listing frontend agar katalog di website dan dashboard backend sama.</p>', '4', '10', '0', NULL),
('51', 'VOL.TECH Fiber Patch Cord', 'TW-VOLTECH-051', NULL, '0.00', '../produk/1.png', '0', 'active', '<p>VOL.TECH Fiber Patch Cord adalah produk fiber accessories dari brand VOL.TECH yang tersedia dalam katalog Teakwave.</p><p>Data produk ini disinkronkan dari listing frontend agar katalog di website dan dashboard backend sama.</p>', '4', '3', '0', NULL),
('52', 'VOL.TECH Optical Splitter 1:16', 'TW-VOLTECH-052', NULL, '0.00', '../produk/2.png', '0', 'active', '<p>VOL.TECH Optical Splitter 1:16 adalah produk fiber accessories dari brand VOL.TECH yang tersedia dalam katalog Teakwave.</p><p>Data produk ini disinkronkan dari listing frontend agar katalog di website dan dashboard backend sama.</p>', '4', '3', '0', NULL),
('53', 'VOL.TECH Outdoor CPE AC', 'TW-VOLTECH-053', NULL, '0.00', '../produk/3.png', '0', 'active', '<p>VOL.TECH Outdoor CPE AC adalah produk wireless outdoor dari brand VOL.TECH yang tersedia dalam katalog Teakwave.</p><p>Data produk ini disinkronkan dari listing frontend agar katalog di website dan dashboard backend sama.</p>', '4', '12', '0', NULL),
('54', 'VOL.TECH Access Point Pro', 'TW-VOLTECH-054', NULL, '0.00', '../produk/4.png', '0', 'active', '<p>VOL.TECH Access Point Pro adalah produk access point dari brand VOL.TECH yang tersedia dalam katalog Teakwave.</p><p>Data produk ini disinkronkan dari listing frontend agar katalog di website dan dashboard backend sama.</p>', '4', '1', '0', '2026-06-10 00:38:08'),
('55', 'VOL.TECH Rackmount PDU', 'TW-VOLTECH-055', NULL, '0.00', '../produk/5.png', '0', 'active', '<p>VOL.TECH Rackmount PDU adalah produk rack accessories dari brand VOL.TECH yang tersedia dalam katalog Teakwave.</p><p>Data produk ini disinkronkan dari listing frontend agar katalog di website dan dashboard backend sama.</p>', '4', '8', '0', '2026-06-14 22:45:36'),
('56', 'Test product', '', NULL, '800000.00', '../uploads/test-product-product-main-20260614183616-a378f7.webp', '200', 'active', '<p><br></p>', '1', '1', '1', '2026-06-14 23:36:16');

-- --------------------------------------------------------
-- Table structure for `role_permissions`
DROP TABLE IF EXISTS `role_permissions`;
CREATE TABLE `role_permissions` (
  `id` int NOT NULL AUTO_INCREMENT,
  `role_id` int NOT NULL,
  `page_key` varchar(100) CHARACTER SET utf8mb4 COLLATE utf8mb4_general_ci NOT NULL,
  `created_at` timestamp NOT NULL DEFAULT CURRENT_TIMESTAMP,
  PRIMARY KEY (`id`),
  UNIQUE KEY `role_page_unique` (`role_id`,`page_key`),
  CONSTRAINT `role_permissions_ibfk_1` FOREIGN KEY (`role_id`) REFERENCES `roles` (`id`) ON DELETE CASCADE
) ENGINE=InnoDB AUTO_INCREMENT=59 DEFAULT CHARSET=utf8mb4 COLLATE=utf8mb4_general_ci;

INSERT INTO `role_permissions` (`id`, `role_id`, `page_key`) VALUES
('1', '1', 'dashboard'),
('2', '1', 'users'),
('3', '1', 'roles'),
('5', '1', 'products-list'),
('6', '1', 'products-add'),
('7', '1', 'products-edit'),
('8', '1', 'brands'),
('9', '1', 'categories'),
('10', '1', 'files'),
('11', '1', 'banners'),
('12', '2', 'dashboard'),
('14', '2', 'products-list'),
('15', '2', 'products-add'),
('16', '2', 'products-edit'),
('17', '2', 'brands'),
('18', '2', 'categories'),
('19', '2', 'files'),
('20', '2', 'banners'),
('21', '3', 'dashboard'),
('23', '3', 'files'),
('27', '1', 'contents-list'),
('28', '2', 'contents-list'),
('29', '3', 'contents-list'),
('30', '1', 'contents-add'),
('31', '2', 'contents-add'),
('32', '3', 'contents-add'),
('33', '1', 'contents-edit'),
('34', '2', 'contents-edit'),
('35', '3', 'contents-edit'),
('45', '4', 'dashboard'),
('46', '4', 'products-list'),
('47', '4', 'products-add'),
('48', '4', 'products-edit'),
('49', '1', 'logs'),
('50', '2', 'logs'),
('51', '6', 'dashboard'),
('52', '6', 'contents-list'),
('53', '6', 'products-list'),
('54', '6', 'files'),
('55', '6', 'logs'),
('56', '1', 'website-settings'),
('57', '2', 'website-settings'),
('58', '1', 'backup-restore');

-- --------------------------------------------------------
-- Table structure for `roles`
DROP TABLE IF EXISTS `roles`;
CREATE TABLE `roles` (
  `id` int NOT NULL AUTO_INCREMENT,
  `name` varchar(100) CHARACTER SET utf8mb4 COLLATE utf8mb4_general_ci NOT NULL,
  `slug` varchar(100) CHARACTER SET utf8mb4 COLLATE utf8mb4_general_ci NOT NULL,
  `created_at` timestamp NOT NULL DEFAULT CURRENT_TIMESTAMP,
  PRIMARY KEY (`id`),
  UNIQUE KEY `slug` (`slug`)
) ENGINE=InnoDB AUTO_INCREMENT=7 DEFAULT CHARSET=utf8mb4 COLLATE=utf8mb4_general_ci;

INSERT INTO `roles` (`id`, `name`, `slug`) VALUES
('1', 'Super Admin', 'super-admin'),
('2', 'Admin', 'admin'),
('3', 'Editor', 'editor'),
('4', 'Marketing', 'marketing'),
('6', 'Mandor', 'mandor');

-- --------------------------------------------------------
-- Table structure for `users`
DROP TABLE IF EXISTS `users`;
CREATE TABLE `users` (
  `id` int NOT NULL AUTO_INCREMENT,
  `role_id` int NOT NULL,
  `name` varchar(150) CHARACTER SET utf8mb4 COLLATE utf8mb4_general_ci NOT NULL,
  `email` varchar(150) CHARACTER SET utf8mb4 COLLATE utf8mb4_general_ci NOT NULL,
  `password` varchar(255) CHARACTER SET utf8mb4 COLLATE utf8mb4_general_ci NOT NULL,
  `avatar` varchar(255) CHARACTER SET utf8mb4 COLLATE utf8mb4_general_ci DEFAULT NULL,
  `status` enum('active','inactive') CHARACTER SET utf8mb4 COLLATE utf8mb4_general_ci DEFAULT 'active',
  `created_at` timestamp NOT NULL DEFAULT CURRENT_TIMESTAMP,
  PRIMARY KEY (`id`),
  UNIQUE KEY `email` (`email`),
  KEY `role_id` (`role_id`),
  CONSTRAINT `users_ibfk_1` FOREIGN KEY (`role_id`) REFERENCES `roles` (`id`)
) ENGINE=InnoDB AUTO_INCREMENT=5 DEFAULT CHARSET=utf8mb4 COLLATE=utf8mb4_general_ci;

INSERT INTO `users` (`id`, `role_id`, `name`, `email`, `password`, `avatar`, `status`) VALUES
('1', '1', 'Seira', 'admin@digitaria.id', '$2y$10$ds9qt.vDvwqi.T2ElQLVn.SKdz0Wh31qmecBQVrqpukLe.PW8rmkW', '../uploads/avatar_6a2ecb1a7d1fe6.64054107.jpg', 'active'),
('3', '4', 'Aries Riyanto', 'Syiqma84@gmail.com', '$2y$10$fcEHPYPLDL5laOF7zvUySOH.z5bhekPw7BlioZK.wV6OiXM12o3eC', NULL, 'active'),
('4', '4', 'jayus', 'jayus@digitaria.id', '$2y$10$OOADhUfhN7oLqVwXZcI1JeneYniTx4dV5HggqqTMDuhEjoMCtCiwS', NULL, 'active');

-- --------------------------------------------------------
-- Table structure for `website_settings`
DROP TABLE IF EXISTS `website_settings`;
CREATE TABLE `website_settings` (
  `id` int NOT NULL AUTO_INCREMENT,
  `setting_key` varchar(120) CHARACTER SET utf8mb4 COLLATE utf8mb4_general_ci NOT NULL,
  `setting_value` text CHARACTER SET utf8mb4 COLLATE utf8mb4_general_ci,
  `setting_type` varchar(50) CHARACTER SET utf8mb4 COLLATE utf8mb4_general_ci DEFAULT 'text',
  `created_at` timestamp NOT NULL DEFAULT CURRENT_TIMESTAMP,
  `updated_at` timestamp NULL DEFAULT NULL,
  PRIMARY KEY (`id`),
  UNIQUE KEY `setting_key` (`setting_key`)
) ENGINE=InnoDB AUTO_INCREMENT=42 DEFAULT CHARSET=utf8mb4 COLLATE=utf8mb4_general_ci;

INSERT INTO `website_settings` (`id`, `setting_key`, `setting_value`, `setting_type`, `updated_at`) VALUES
('1', 'site_name', 'Teakwave', 'text', '2026-05-17 00:20:57'),
('2', 'meta_title', 'Teakwave - Solusi Perangkat Jaringan Nirkabel', 'text', '2026-05-17 00:20:57'),
('3', 'meta_description', 'Distributor perangkat jaringan nirkabel dan internet berkualitas untuk berbagai kebutuhan jaringan di Indonesia.', 'textarea', '2026-05-17 00:20:57'),
('4', 'meta_keywords', 'teakwave, perangkat jaringan, wireless, router, access point, mikrotik, ubiquiti, v-sol, vol.tech', 'textarea', '2026-05-17 00:20:57'),
('5', 'favicon', '../uploads/favicon_6a0621935cf2e5.50652961.png', 'file', '2026-05-15 02:25:07'),
('6', 'timezone', 'Asia/Jakarta', 'text', '2026-05-15 20:43:33'),
('7', 'date_format', 'd M Y', 'text', '2026-05-15 20:43:33'),
('8', 'time_format', 'H:i', 'text', '2026-05-15 20:43:33'),
('24', 'upload_max_filesize_mb', '1', 'number', '2026-05-15 20:43:33'),
('25', 'upload_allowed_extensions', 'jpg,jpeg,png,gif,webp,pdf,ico', 'textarea', '2026-05-15 20:43:33'),
('27', 'footer_label', 'Contact', 'text', '2026-05-17 00:53:49'),
('28', 'footer_title', 'Hubungi Kami', 'text', '2026-05-17 00:53:49'),
('29', 'footer_address', 'Kompleks Harco Elektronik Mangga Dua Blok H-6\nRaya Jl. Mangga Dua Dalam Jakarta, DKI Jakarta 10730', 'textarea', '2026-05-17 00:53:49'),
('30', 'footer_email', 'sales@teakwave.com', 'text', '2026-05-17 00:53:49'),
('31', 'footer_phone', '(021) 6121 005', 'text', '2026-05-17 00:53:49'),
('32', 'footer_phone_link', '0216121005', 'text', '2026-05-17 00:53:49'),
('33', 'footer_company_title', 'Teakwave', 'text', '2026-05-17 00:53:49'),
('34', 'footer_description', 'Distributor perangkat jaringan nirkabel dan internet berkualitas untuk berbagai kebutuhan jaringan di Indonesia.', 'textarea', '2026-05-17 00:53:49'),
('35', 'footer_instagram_url', 'https://www.instagram.com/teak.wave/', 'url', '2026-07-17 07:00:00'),
('36', 'footer_facebook_url', 'https://www.facebook.com/teakwave', 'url', '2026-07-17 07:00:00'),
('37', 'tokopedia_url', 'https://www.tokopedia.com/teakwave', 'url', '2026-07-17 07:00:00'),
('38', 'shopee_url', 'https://shopee.co.id/teakwave', 'url', '2026-07-17 07:00:00'),
('39', 'whatsapp_url', 'https://wa.me/6282112345678', 'url', '2026-07-17 07:00:00'),
('40', 'instagram_url', 'https://www.instagram.com/teak.wave/', 'url', '2026-07-17 07:00:00'),
('41', 'facebook_url', 'https://www.facebook.com/teakwave', 'url', '2026-07-17 07:00:00');

SET FOREIGN_KEY_CHECKS = 1;
-- End of Teakwave Database Backup
